[{"model": "admin.logentry", "pk": 1, "fields": {"action_time": "2022-01-25T09:09:32.151Z", "user": 1, "content_type": 4, "object_id": "2", "object_repr": "G_A_Alexander", "action_flag": 1, "change_message": "[{\"added\": {}}]"}}, {"model": "admin.logentry", "pk": 2, "fields": {"action_time": "2022-01-25T09:11:46.695Z", "user": 1, "content_type": 4, "object_id": "2", "object_repr": "G_A_Alexander", "action_flag": 2, "change_message": "[{\"changed\": {\"fields\": [\"First name\", \"Last name\", \"Email address\", \"User permissions\"]}}]"}}, {"model": "admin.logentry", "pk": 3, "fields": {"action_time": "2022-01-25T09:12:17.416Z", "user": 1, "content_type": 4, "object_id": "3", "object_repr": "Max_011", "action_flag": 1, "change_message": "[{\"added\": {}}]"}}, {"model": "admin.logentry", "pk": 4, "fields": {"action_time": "2022-01-25T09:13:12.245Z", "user": 1, "content_type": 4, "object_id": "3", "object_repr": "Max_011", "action_flag": 2, "change_message": "[{\"changed\": {\"fields\": [\"First name\", \"Email address\", \"User permissions\"]}}]"}}, {"model": "admin.logentry", "pk": 5, "fields": {"action_time": "2022-01-25T09:21:22.928Z", "user": 1, "content_type": 4, "object_id": "2", "object_repr": "G_A_Alexander", "action_flag": 2, "change_message": "[{\"changed\": {\"fields\": [\"First name\"]}}]"}}, {"model": "admin.logentry", "pk": 6, "fields": {"action_time": "2022-02-02T12:59:07.987Z", "user": 1, "content_type": 7, "object_id": "1", "object_repr": "127.0.0.1", "action_flag": 2, "change_message": "[{\"changed\": {\"fields\": [\"Domain name\"]}}]"}}, {"model": "admin.logentry", "pk": 7, "fields": {"action_time": "2022-02-02T13:06:53.345Z", "user": 1, "content_type": 17, "object_id": "1", "object_repr": "Google", "action_flag": 1, "change_message": "[{\"added\": {}}]"}}, {"model": "admin.logentry", "pk": 8, "fields": {"action_time": "2022-02-04T08:36:33.501Z", "user": 1, "content_type": 3, "object_id": "1", "object_repr": "basic", "action_flag": 1, "change_message": "[{\"added\": {}}]"}}, {"model": "admin.logentry", "pk": 9, "fields": {"action_time": "2022-02-04T08:37:06.948Z", "user": 1, "content_type": 3, "object_id": "2", "object_repr": "premium", "action_flag": 1, "change_message": "[{\"added\": {}}]"}}, {"model": "admin.logentry", "pk": 10, "fields": {"action_time": "2022-02-05T08:32:06.120Z", "user": 1, "content_type": 3, "object_id": "1", "object_repr": "common", "action_flag": 2, "change_message": "[{\"changed\": {\"fields\": [\"Name\"]}}]"}}, {"model": "admin.logentry", "pk": 11, "fields": {"action_time": "2022-02-05T08:32:22.060Z", "user": 1, "content_type": 3, "object_id": "2", "object_repr": "author", "action_flag": 2, "change_message": "[{\"changed\": {\"fields\": [\"Name\"]}}]"}}, {"model": "admin.logentry", "pk": 12, "fields": {"action_time": "2022-02-05T08:32:48.931Z", "user": 1, "content_type": 3, "object_id": "2", "object_repr": "authors", "action_flag": 2, "change_message": "[{\"changed\": {\"fields\": [\"Name\"]}}]"}}, {"model": "admin.logentry", "pk": 13, "fields": {"action_time": "2022-02-05T08:34:02.058Z", "user": 1, "content_type": 4, "object_id": "2", "object_repr": "G_A_Alexander", "action_flag": 2, "change_message": "[{\"changed\": {\"fields\": [\"Groups\"]}}]"}}, {"model": "admin.logentry", "pk": 14, "fields": {"action_time": "2022-02-05T08:34:13.458Z", "user": 1, "content_type": 4, "object_id": "3", "object_repr": "Max_011", "action_flag": 2, "change_message": "[{\"changed\": {\"fields\": [\"Groups\"]}}]"}}, {"model": "admin.logentry", "pk": 15, "fields": {"action_time": "2022-02-05T08:34:44.653Z", "user": 1, "content_type": 4, "object_id": "4", "object_repr": "Birina", "action_flag": 1, "change_message": "[{\"added\": {}}]"}}, {"model": "admin.logentry", "pk": 16, "fields": {"action_time": "2022-02-05T08:35:05.873Z", "user": 1, "content_type": 4, "object_id": "4", "object_repr": "Birina", "action_flag": 2, "change_message": "[{\"changed\": {\"fields\": [\"Email address\", \"Groups\"]}}]"}}, {"model": "admin.logentry", "pk": 17, "fields": {"action_time": "2022-02-05T14:14:20.767Z", "user": 1, "content_type": 3, "object_id": "2", "object_repr": "authors", "action_flag": 2, "change_message": "[{\"changed\": {\"fields\": [\"Permissions\"]}}]"}}, {"model": "admin.logentry", "pk": 18, "fields": {"action_time": "2022-02-05T14:24:05.279Z", "user": 1, "content_type": 3, "object_id": "2", "object_repr": "authors", "action_flag": 2, "change_message": "[]"}}, {"model": "admin.logentry", "pk": 19, "fields": {"action_time": "2022-02-07T13:07:50.295Z", "user": 1, "content_type": 4, "object_id": "11", "object_repr": "7gallon4", "action_flag": 2, "change_message": "[{\"changed\": {\"fields\": [\"Email address\"]}}]"}}, {"model": "auth.permission", "pk": 1, "fields": {"name": "Can add log entry", "content_type": 1, "codename": "add_logentry"}}, {"model": "auth.permission", "pk": 2, "fields": {"name": "Can change log entry", "content_type": 1, "codename": "change_logentry"}}, {"model": "auth.permission", "pk": 3, "fields": {"name": "Can delete log entry", "content_type": 1, "codename": "delete_logentry"}}, {"model": "auth.permission", "pk": 4, "fields": {"name": "Can view log entry", "content_type": 1, "codename": "view_logentry"}}, {"model": "auth.permission", "pk": 5, "fields": {"name": "Can add permission", "content_type": 2, "codename": "add_permission"}}, {"model": "auth.permission", "pk": 6, "fields": {"name": "Can change permission", "content_type": 2, "codename": "change_permission"}}, {"model": "auth.permission", "pk": 7, "fields": {"name": "Can delete permission", "content_type": 2, "codename": "delete_permission"}}, {"model": "auth.permission", "pk": 8, "fields": {"name": "Can view permission", "content_type": 2, "codename": "view_permission"}}, {"model": "auth.permission", "pk": 9, "fields": {"name": "Can add group", "content_type": 3, "codename": "add_group"}}, {"model": "auth.permission", "pk": 10, "fields": {"name": "Can change group", "content_type": 3, "codename": "change_group"}}, {"model": "auth.permission", "pk": 11, "fields": {"name": "Can delete group", "content_type": 3, "codename": "delete_group"}}, {"model": "auth.permission", "pk": 12, "fields": {"name": "Can view group", "content_type": 3, "codename": "view_group"}}, {"model": "auth.permission", "pk": 13, "fields": {"name": "Can add user", "content_type": 4, "codename": "add_user"}}, {"model": "auth.permission", "pk": 14, "fields": {"name": "Can change user", "content_type": 4, "codename": "change_user"}}, {"model": "auth.permission", "pk": 15, "fields": {"name": "Can delete user", "content_type": 4, "codename": "delete_user"}}, {"model": "auth.permission", "pk": 16, "fields": {"name": "Can view user", "content_type": 4, "codename": "view_user"}}, {"model": "auth.permission", "pk": 17, "fields": {"name": "Can add content type", "content_type": 5, "codename": "add_contenttype"}}, {"model": "auth.permission", "pk": 18, "fields": {"name": "Can change content type", "content_type": 5, "codename": "change_contenttype"}}, {"model": "auth.permission", "pk": 19, "fields": {"name": "Can delete content type", "content_type": 5, "codename": "delete_contenttype"}}, {"model": "auth.permission", "pk": 20, "fields": {"name": "Can view content type", "content_type": 5, "codename": "view_contenttype"}}, {"model": "auth.permission", "pk": 21, "fields": {"name": "Can add session", "content_type": 6, "codename": "add_session"}}, {"model": "auth.permission", "pk": 22, "fields": {"name": "Can change session", "content_type": 6, "codename": "change_session"}}, {"model": "auth.permission", "pk": 23, "fields": {"name": "Can delete session", "content_type": 6, "codename": "delete_session"}}, {"model": "auth.permission", "pk": 24, "fields": {"name": "Can view session", "content_type": 6, "codename": "view_session"}}, {"model": "auth.permission", "pk": 25, "fields": {"name": "Can add site", "content_type": 7, "codename": "add_site"}}, {"model": "auth.permission", "pk": 26, "fields": {"name": "Can change site", "content_type": 7, "codename": "change_site"}}, {"model": "auth.permission", "pk": 27, "fields": {"name": "Can delete site", "content_type": 7, "codename": "delete_site"}}, {"model": "auth.permission", "pk": 28, "fields": {"name": "Can view site", "content_type": 7, "codename": "view_site"}}, {"model": "auth.permission", "pk": 29, "fields": {"name": "Can add flat page", "content_type": 8, "codename": "add_flatpage"}}, {"model": "auth.permission", "pk": 30, "fields": {"name": "Can change flat page", "content_type": 8, "codename": "change_flatpage"}}, {"model": "auth.permission", "pk": 31, "fields": {"name": "Can delete flat page", "content_type": 8, "codename": "delete_flatpage"}}, {"model": "auth.permission", "pk": 32, "fields": {"name": "Can view flat page", "content_type": 8, "codename": "view_flatpage"}}, {"model": "auth.permission", "pk": 33, "fields": {"name": "Can add author", "content_type": 9, "codename": "add_author"}}, {"model": "auth.permission", "pk": 34, "fields": {"name": "Can change author", "content_type": 9, "codename": "change_author"}}, {"model": "auth.permission", "pk": 35, "fields": {"name": "Can delete author", "content_type": 9, "codename": "delete_author"}}, {"model": "auth.permission", "pk": 36, "fields": {"name": "Can view author", "content_type": 9, "codename": "view_author"}}, {"model": "auth.permission", "pk": 37, "fields": {"name": "Can add category", "content_type": 10, "codename": "add_category"}}, {"model": "auth.permission", "pk": 38, "fields": {"name": "Can change category", "content_type": 10, "codename": "change_category"}}, {"model": "auth.permission", "pk": 39, "fields": {"name": "Can delete category", "content_type": 10, "codename": "delete_category"}}, {"model": "auth.permission", "pk": 40, "fields": {"name": "Can view category", "content_type": 10, "codename": "view_category"}}, {"model": "auth.permission", "pk": 41, "fields": {"name": "Can add post", "content_type": 11, "codename": "add_post"}}, {"model": "auth.permission", "pk": 42, "fields": {"name": "Can change post", "content_type": 11, "codename": "change_post"}}, {"model": "auth.permission", "pk": 43, "fields": {"name": "Can delete post", "content_type": 11, "codename": "delete_post"}}, {"model": "auth.permission", "pk": 44, "fields": {"name": "Can view post", "content_type": 11, "codename": "view_post"}}, {"model": "auth.permission", "pk": 45, "fields": {"name": "Can add post category", "content_type": 12, "codename": "add_postcategory"}}, {"model": "auth.permission", "pk": 46, "fields": {"name": "Can change post category", "content_type": 12, "codename": "change_postcategory"}}, {"model": "auth.permission", "pk": 47, "fields": {"name": "Can delete post category", "content_type": 12, "codename": "delete_postcategory"}}, {"model": "auth.permission", "pk": 48, "fields": {"name": "Can view post category", "content_type": 12, "codename": "view_postcategory"}}, {"model": "auth.permission", "pk": 49, "fields": {"name": "Can add comment", "content_type": 13, "codename": "add_comment"}}, {"model": "auth.permission", "pk": 50, "fields": {"name": "Can change comment", "content_type": 13, "codename": "change_comment"}}, {"model": "auth.permission", "pk": 51, "fields": {"name": "Can delete comment", "content_type": 13, "codename": "delete_comment"}}, {"model": "auth.permission", "pk": 52, "fields": {"name": "Can view comment", "content_type": 13, "codename": "view_comment"}}, {"model": "auth.permission", "pk": 53, "fields": {"name": "Can add email address", "content_type": 14, "codename": "add_emailaddress"}}, {"model": "auth.permission", "pk": 54, "fields": {"name": "Can change email address", "content_type": 14, "codename": "change_emailaddress"}}, {"model": "auth.permission", "pk": 55, "fields": {"name": "Can delete email address", "content_type": 14, "codename": "delete_emailaddress"}}, {"model": "auth.permission", "pk": 56, "fields": {"name": "Can view email address", "content_type": 14, "codename": "view_emailaddress"}}, {"model": "auth.permission", "pk": 57, "fields": {"name": "Can add email confirmation", "content_type": 15, "codename": "add_emailconfirmation"}}, {"model": "auth.permission", "pk": 58, "fields": {"name": "Can change email confirmation", "content_type": 15, "codename": "change_emailconfirmation"}}, {"model": "auth.permission", "pk": 59, "fields": {"name": "Can delete email confirmation", "content_type": 15, "codename": "delete_emailconfirmation"}}, {"model": "auth.permission", "pk": 60, "fields": {"name": "Can view email confirmation", "content_type": 15, "codename": "view_emailconfirmation"}}, {"model": "auth.permission", "pk": 61, "fields": {"name": "Can add social account", "content_type": 16, "codename": "add_socialaccount"}}, {"model": "auth.permission", "pk": 62, "fields": {"name": "Can change social account", "content_type": 16, "codename": "change_socialaccount"}}, {"model": "auth.permission", "pk": 63, "fields": {"name": "Can delete social account", "content_type": 16, "codename": "delete_socialaccount"}}, {"model": "auth.permission", "pk": 64, "fields": {"name": "Can view social account", "content_type": 16, "codename": "view_socialaccount"}}, {"model": "auth.permission", "pk": 65, "fields": {"name": "Can add social application", "content_type": 17, "codename": "add_socialapp"}}, {"model": "auth.permission", "pk": 66, "fields": {"name": "Can change social application", "content_type": 17, "codename": "change_socialapp"}}, {"model": "auth.permission", "pk": 67, "fields": {"name": "Can delete social application", "content_type": 17, "codename": "delete_socialapp"}}, {"model": "auth.permission", "pk": 68, "fields": {"name": "Can view social application", "content_type": 17, "codename": "view_socialapp"}}, {"model": "auth.permission", "pk": 69, "fields": {"name": "Can add social application token", "content_type": 18, "codename": "add_socialtoken"}}, {"model": "auth.permission", "pk": 70, "fields": {"name": "Can change social application token", "content_type": 18, "codename": "change_socialtoken"}}, {"model": "auth.permission", "pk": 71, "fields": {"name": "Can delete social application token", "content_type": 18, "codename": "delete_socialtoken"}}, {"model": "auth.permission", "pk": 72, "fields": {"name": "Can view social application token", "content_type": 18, "codename": "view_socialtoken"}}, {"model": "auth.permission", "pk": 73, "fields": {"name": "Can add category user", "content_type": 19, "codename": "add_categoryuser"}}, {"model": "auth.permission", "pk": 74, "fields": {"name": "Can change category user", "content_type": 19, "codename": "change_categoryuser"}}, {"model": "auth.permission", "pk": 75, "fields": {"name": "Can delete category user", "content_type": 19, "codename": "delete_categoryuser"}}, {"model": "auth.permission", "pk": 76, "fields": {"name": "Can view category user", "content_type": 19, "codename": "view_categoryuser"}}, {"model": "auth.permission", "pk": 77, "fields": {"name": "Can add django job", "content_type": 20, "codename": "add_djangojob"}}, {"model": "auth.permission", "pk": 78, "fields": {"name": "Can change django job", "content_type": 20, "codename": "change_djangojob"}}, {"model": "auth.permission", "pk": 79, "fields": {"name": "Can delete django job", "content_type": 20, "codename": "delete_djangojob"}}, {"model": "auth.permission", "pk": 80, "fields": {"name": "Can view django job", "content_type": 20, "codename": "view_djangojob"}}, {"model": "auth.permission", "pk": 81, "fields": {"name": "Can add django job execution", "content_type": 21, "codename": "add_djangojobexecution"}}, {"model": "auth.permission", "pk": 82, "fields": {"name": "Can change django job execution", "content_type": 21, "codename": "change_djangojobexecution"}}, {"model": "auth.permission", "pk": 83, "fields": {"name": "Can delete django job execution", "content_type": 21, "codename": "delete_djangojobexecution"}}, {"model": "auth.permission", "pk": 84, "fields": {"name": "Can view django job execution", "content_type": 21, "codename": "view_djangojobexecution"}}, {"model": "auth.group", "pk": 1, "fields": {"name": "common", "permissions": []}}, {"model": "auth.group", "pk": 2, "fields": {"name": "authors", "permissions": [41, 42]}}, {"model": "auth.user", "pk": 1, "fields": {"password": "pbkdf2_sha256$320000$otIDqa1xhRi83doAL81Xkr$lAXbGr2PKjYCtyuObsuGmhQOCkABNRLlrG7TRxG663c=", "last_login": "2022-02-07T13:06:31.179Z", "is_superuser": true, "username": "admin", "first_name": "Александр", "last_name": "", "email": "", "is_staff": true, "is_active": true, "date_joined": "2022-01-25T09:07:27.751Z", "groups": [2], "user_permissions": []}}, {"model": "auth.user", "pk": 2, "fields": {"password": "pbkdf2_sha256$320000$NdmRx6EXzw4TEFoou3RXnK$ze93DlpJU1swtlMXmuWWMv9fUVVBc3RPMrLh9qPRh4w=", "last_login": "2022-02-15T06:56:58.732Z", "is_superuser": false, "username": "G_A_Alexander", "first_name": "Александр", "last_name": "Галочкин", "email": "G_A_Alexander@mail.ru", "is_staff": false, "is_active": true, "date_joined": "2022-01-25T09:09:31Z", "groups": [1, 2], "user_permissions": [53, 54, 55, 56, 57, 58, 59, 60, 49, 50, 51, 52]}}, {"model": "auth.user", "pk": 3, "fields": {"password": "pbkdf2_sha256$320000$yN1O8ebS7TLHndxbwhuw0I$JrbEAaS/3FDxfAABzsW6VQ/QcjzRgngQm2qt5kjI/TM=", "last_login": "2022-02-01T13:22:42Z", "is_superuser": false, "username": "Max_011", "first_name": "Максим", "last_name": "Ежеконев", "email": "maxim_011@mail.ru", "is_staff": false, "is_active": true, "date_joined": "2022-01-25T09:12:17Z", "groups": [1, 2], "user_permissions": [53, 54, 55, 56, 57, 58, 59, 60]}}, {"model": "auth.user", "pk": 4, "fields": {"password": "pbkdf2_sha256$320000$rSiXeQHS3EcI3obfut2cNu$wvIuPFV1UnUkMu6hyJu9V8tOwZ8FlQHyx7WSmCUkhE8=", "last_login": "2022-02-05T09:02:02.532Z", "is_superuser": false, "username": "Birina", "first_name": "", "last_name": "", "email": "Birina@mail.ru", "is_staff": false, "is_active": true, "date_joined": "2022-02-05T08:34:44Z", "groups": [1], "user_permissions": []}}, {"model": "auth.user", "pk": 5, "fields": {"password": "pbkdf2_sha256$320000$U4isolvYF7plKH7xGJEUxd$eQYe+J6YkZoWkxoUUay0cW41bIWhdXHQX8Rn6bgUJqk=", "last_login": "2022-02-05T13:37:23.908Z", "is_superuser": false, "username": "irina", "first_name": "", "last_name": "", "email": "Irina@mail.ru", "is_staff": false, "is_active": true, "date_joined": "2022-02-05T08:58:37.059Z", "groups": [2], "user_permissions": []}}, {"model": "auth.user", "pk": 6, "fields": {"password": "pbkdf2_sha256$320000$fn84nJ5sme2TFVVotaM8A6$wqsKD7U39+uDewl9Z+0K7KPoVRl+aW2i2wPtbaSfkPw=", "last_login": "2022-02-05T13:37:06.151Z", "is_superuser": false, "username": "mmm", "first_name": "", "last_name": "", "email": "mmm@mail.ru", "is_staff": false, "is_active": true, "date_joined": "2022-02-05T09:05:37.343Z", "groups": [2], "user_permissions": []}}, {"model": "auth.user", "pk": 7, "fields": {"password": "pbkdf2_sha256$320000$MFvuBbtuBzOHBGv32szdYP$72JEtPeP+jdI0zGKnG+4N3JS/RKgI/Ofwueey2ILPW4=", "last_login": "2022-02-05T14:27:20.656Z", "is_superuser": false, "username": "mmmm", "first_name": "", "last_name": "", "email": "mmmm@mail.ru", "is_staff": false, "is_active": true, "date_joined": "2022-02-05T09:07:25.026Z", "groups": [1], "user_permissions": []}}, {"model": "auth.user", "pk": 8, "fields": {"password": "", "last_login": null, "is_superuser": false, "username": "Max_01", "first_name": "max", "last_name": "", "email": "", "is_staff": false, "is_active": true, "date_joined": "2022-02-05T10:28:14.837Z", "groups": [], "user_permissions": []}}, {"model": "auth.user", "pk": 9, "fields": {"password": "pbkdf2_sha256$320000$IZprdCD1zyLg7qbGQf37GR$h71ZaoLXoMjF0vuJCUh0KfIRj4JGQkZo5NxbyAXmnf8=", "last_login": "2022-02-05T10:38:40.004Z", "is_superuser": false, "username": "bucha", "first_name": "", "last_name": "", "email": "bucha@mail.ru", "is_staff": false, "is_active": true, "date_joined": "2022-02-05T10:38:39.814Z", "groups": [1], "user_permissions": []}}, {"model": "auth.user", "pk": 10, "fields": {"password": "pbkdf2_sha256$320000$yZh4lfnmiHjJ6MuHTpJAiv$dwX7FAYKG0uvzdxzOHXVNTKYYg16OS67Ol1UeFqMZRo=", "last_login": "2022-02-08T14:55:13.241Z", "is_superuser": false, "username": "7gallon", "first_name": "", "last_name": "", "email": "7gallon@mail.ru", "is_staff": false, "is_active": true, "date_joined": "2022-02-07T09:09:38.267Z", "groups": [1, 2], "user_permissions": []}}, {"model": "auth.user", "pk": 11, "fields": {"password": "pbkdf2_sha256$320000$9CILDd2UccMtJW7dsS5mze$+MDDBEDIa0Zb8XDVoP5eaOZ9aVTS0DpPcLqTKHPbdoI=", "last_login": "2022-02-07T11:03:24Z", "is_superuser": false, "username": "7gallon4", "first_name": "", "last_name": "", "email": "7gallon4@gmail.com", "is_staff": false, "is_active": true, "date_joined": "2022-02-07T11:02:38Z", "groups": [1], "user_permissions": []}}, {"model": "auth.user", "pk": 12, "fields": {"password": "pbkdf2_sha256$320000$vXAiaXkadaGD3BWKdxspnB$uOomutZZ8Go9SVDdSqoC3eQ27VjeVF2q9rj59LvOZ6E=", "last_login": null, "is_superuser": false, "username": "budchenko2000", "first_name": "", "last_name": "", "email": "budchenko2000@mail.ru", "is_staff": false, "is_active": true, "date_joined": "2022-02-07T13:12:06.481Z", "groups": [1], "user_permissions": []}}, {"model": "contenttypes.contenttype", "pk": 1, "fields": {"app_label": "admin", "model": "logentry"}}, {"model": "contenttypes.contenttype", "pk": 2, "fields": {"app_label": "auth", "model": "permission"}}, {"model": "contenttypes.contenttype", "pk": 3, "fields": {"app_label": "auth", "model": "group"}}, {"model": "contenttypes.contenttype", "pk": 4, "fields": {"app_label": "auth", "model": "user"}}, {"model": "contenttypes.contenttype", "pk": 5, "fields": {"app_label": "contenttypes", "model": "contenttype"}}, {"model": "contenttypes.contenttype", "pk": 6, "fields": {"app_label": "sessions", "model": "session"}}, {"model": "contenttypes.contenttype", "pk": 7, "fields": {"app_label": "sites", "model": "site"}}, {"model": "contenttypes.contenttype", "pk": 8, "fields": {"app_label": "flatpages", "model": "flatpage"}}, {"model": "contenttypes.contenttype", "pk": 9, "fields": {"app_label": "news", "model": "author"}}, {"model": "contenttypes.contenttype", "pk": 10, "fields": {"app_label": "news", "model": "category"}}, {"model": "contenttypes.contenttype", "pk": 11, "fields": {"app_label": "news", "model": "post"}}, {"model": "contenttypes.contenttype", "pk": 12, "fields": {"app_label": "news", "model": "postcategory"}}, {"model": "contenttypes.contenttype", "pk": 13, "fields": {"app_label": "news", "model": "comment"}}, {"model": "contenttypes.contenttype", "pk": 14, "fields": {"app_label": "account", "model": "emailaddress"}}, {"model": "contenttypes.contenttype", "pk": 15, "fields": {"app_label": "account", "model": "emailconfirmation"}}, {"model": "contenttypes.contenttype", "pk": 16, "fields": {"app_label": "socialaccount", "model": "socialaccount"}}, {"model": "contenttypes.contenttype", "pk": 17, "fields": {"app_label": "socialaccount", "model": "socialapp"}}, {"model": "contenttypes.contenttype", "pk": 18, "fields": {"app_label": "socialaccount", "model": "socialtoken"}}, {"model": "contenttypes.contenttype", "pk": 19, "fields": {"app_label": "news", "model": "categoryuser"}}, {"model": "contenttypes.contenttype", "pk": 20, "fields": {"app_label": "django_apscheduler", "model": "djangojob"}}, {"model": "contenttypes.contenttype", "pk": 21, "fields": {"app_label": "django_apscheduler", "model": "djangojobexecution"}}, {"model": "sessions.session", "pk": "1m3u6x9dw6tovsyqsm15agy675y2m5sg", "fields": {"session_data": ".eJxVjMEOwiAQRP-FsyEsyxb06N1vILBQqRqalPZk_Hdp0oPO8c2beQsftrX4reXFT0lcBIjTL4uBn7nuRXqEep8lz3Vdpih3RR5tk7c55df1cP8OSmilrymjMQOjQVZAZ216EDRa7pCtssg0BmcH0pqSVhGsguQCjgTagRWfL5noNd0:1nFFDW:Zpyitj05inxsy-f0A0FZyC8-n2rkhULhenDMhyJeSiA", "expire_date": "2022-02-16T12:58:34.967Z"}}, {"model": "sessions.session", "pk": "2jztf4faw1lnhxlrq53z3spk5dsyhdi3", "fields": {"session_data": ".eJxVjMEOwiAQRP-FsyEsyxb06N1vILBQqRqalPZk_Hdp0oPO8c2beQsftrX4reXFT0lcBIjTL4uBn7nuRXqEep8lz3Vdpih3RR5tk7c55df1cP8OSmilrymjMQOjQVZAZ216EDRa7pCtssg0BmcH0pqSVhGsguQCjgTagRWfL5noNd0:1nCKjX:1k-FSdvR_F1Ik6QH6b-Rlsq-J-dGlhJBUcSQp0qOSI0", "expire_date": "2022-02-08T12:15:35.478Z"}}, {"model": "sessions.session", "pk": "3uyrj7voeqvxy26od1yyeo941a8mwxpo", "fields": {"session_data": ".eJxVjU0OgjAQhe_StSEtDdORnV6kGabT0EiKoSXRGO8uGBa6fH_feylPax39WmTxKaheWXX69Qbim-Q9oGna7YaY5zXX5ts54tJcNiW5Jqaa5nw9Vn-okcq4cTAOOjpwwUZLAXUUaQ06xFaHDoA7IxGQGNgAhoGN5u5shcVZDaaNO7RIKduNl8c9LU_V6_cHzgFDwg:1nEASi:Nb3qBxCl5ifPZm4pgcRiVm0Wxmks6kMdr63ZxVhjfkw", "expire_date": "2022-02-13T13:41:48.304Z"}}, {"model": "sessions.session", "pk": "5sezamxa65fbzuq03871b43shqk8s0pm", "fields": {"session_data": ".eJxVjU0OwiAQhe_C2jQDpdB2pxchM1NIiQ01QhON8e4W04Uu39_3XsLhVma3ZX93cRKj0OL06xHy1aca4LJUu0HmdUul-XaOODfnXflUImOJa7ocqz_UjHmuHEsazGTbyVKHkqW2sodgNAXspFJBmn5g8BBoF8wkDStLQw-mBa1UhWaf837j_OMW708xwvsDq1lDCQ:1nGGxG:phv5AkbmxZJIF7RpwlB0vaZpAJ2XZI8xAp0uYuO4SW0", "expire_date": "2022-02-19T09:02:02.536Z"}}, {"model": "sessions.session", "pk": "7kdi2etort7g5pgt3754huj9gntk5gse", "fields": {"session_data": ".eJxVjU0OgjAQhe_StSEtDdORnV6kGabT0EiKoSXRGO8uGBa6fH_feylPax39WmTxKaheWXX69Qbim-Q9oGna7YaY5zXX5ts54tJcNiW5Jqaa5nw9Vn-okcq4cTAOOjpwwUZLAXUUaQ06xFaHDoA7IxGQGNgAhoGN5u5shcVZDaaNO7RIKduNl8c9LU_V6_cHzgFDwg:1nEt7K:b2ME5HKhW_U7-gMCQeRs3DmHplKmBI1OKCaV3Suskc4", "expire_date": "2022-02-15T13:22:42.451Z"}}, {"model": "sessions.session", "pk": "8vlrdik0uind45gdn5trktviw8v1izrh", "fields": {"session_data": ".eJxVjU0OgjAUhO_StSGU0teWnV6kGcojNJJibEk0xrsLhoUu5--bl_BYy-TXzHcfB9EJLU6_Xo9w5bQHmOfdrhDCsqZSfTtHnKvzpjiVGFDiki7H6g81IU8bR7Kl0TYhMBG51rSOlavlYNCCrHboYR1046BGpQBlOWgtezKWpOFmh2bOebvx_LjF-1N09fsDptxDFQ:1nGLFj:WQNBpi4oO-gLDiZayiNgLXBaN-FHGHqrQXEsBKYpJcM", "expire_date": "2022-02-19T13:37:23.914Z"}}, {"model": "sessions.session", "pk": "c60elo933eaamtz0mlyvx5jgjg54el2h", "fields": {"session_data": ".eJxVjU0OwiAQhe_C2jTAtLR2pxchwzCkxIaaAonGeHdb04Uu39_3XsJiLZOtmVcbvRiFEadfzyHdOO0BzvNuN0i01FSab-eIc3PZFKcSCUtc0vVY_aEmzNPG0R5AgwrOmVaxd0NPukNJEs-I1BH3ARm8R-kHhQBBydCroTWq08gGdmjmnLcby497XJ9ilO8P5cdEHw:1nGIfN:7rjdaoZK1w_PdoBLlBBy6cHp9EdUmxivWm5sMwmW2hU", "expire_date": "2022-02-19T10:51:41.922Z"}}, {"model": "sessions.session", "pk": "dbjp1yosed4d6vgvh8qp0p3o2ttiba9z", "fields": {"session_data": ".eJxVjMEOwiAQRP-FsyEsyxb06N1vILBQqRqalPZk_Hdp0oPO8c2beQsftrX4reXFT0lcBIjTL4uBn7nuRXqEep8lz3Vdpih3RR5tk7c55df1cP8OSmilrymjMQOjQVZAZ216EDRa7pCtssg0BmcH0pqSVhGsguQCjgTagRWfL5noNd0:1nFu3W:0u1VvfqvBHRFG8rsc12_QOE0K4XLrjePYRy00hY0hAM", "expire_date": "2022-02-18T08:34:58.898Z"}}, {"model": "sessions.session", "pk": "ish5dsk90cmvghittmk4hudictlqzdsv", "fields": {"session_data": ".eJxVjMEOwiAQRP-FsyEsyxb06N1vILBQqRqalPZk_Hdp0oPO8c2beQsftrX4reXFT0lcBIjTL4uBn7nuRXqEep8lz3Vdpih3RR5tk7c55df1cP8OSmilrymjMQOjQVZAZ216EDRa7pCtssg0BmcH0pqSVhGsguQCjgTagRWfL5noNd0:1nGkEI:Xd60TYU-NmKYOtKFdA5Odq31IJOYtg_RE_wEdKqJjbs", "expire_date": "2022-02-20T16:17:34.447Z"}}, {"model": "sessions.session", "pk": "kbor0ymhid5syftts5xy1fuzwbrabqp3", "fields": {"session_data": ".eJxVjUsOwiAURffC2DQFaqGd6UYI79OU2FBTINEY9y41Hejw_s59CedLnl1JvLlAYhRKnH498HjjuAd-WXa78Yhribn5do44NZeqOOaAPoc1Xo_VH2r2aa4cKWGwujMAICdga4kUW1at9pokdpYGLZXRiCQN0GTOxFPfW2DUtk53aOKU6o3jxz1sTzG27w_eV0RR:1nJrlk:1euzpU_zBl9ncOV19Gs88p8wxvLwih0PLHC7snhJ5bE", "expire_date": "2022-03-01T06:57:00.524Z"}}, {"model": "sessions.session", "pk": "kflvhij40zlecu6x4j25d21myf6ph6m1", "fields": {"session_data": ".eJxVjUsOwiAURffC2DQFaqGd6UYI79OU2FBTINEY9y41Hejw_s59CedLnl1JvLlAYhRKnH498HjjuAd-WXa78Yhribn5do44NZeqOOaAPoc1Xo_VH2r2aa4cKWGwujMAICdga4kUW1at9pokdpYGLZXRiCQN0GTOxFPfW2DUtk53aOKU6o3jxz1sTzG27w_eV0RR:1nGKy6:gAuLUHuMDzDHkxA9wRUBTNw-l6Pga-m_6q6g8spOe4k", "expire_date": "2022-02-19T13:19:10.144Z"}}, {"model": "sessions.session", "pk": "lgypayb9vx7d0nsxr3olpcz1a13zf3l1", "fields": {"session_data": ".eJxVjUsOwiAURffC2DQFaqGd6UYI79OU2FBTINEY9y41Hejw_s59CedLnl1JvLlAYhRKnH498HjjuAd-WXa78Yhribn5do44NZeqOOaAPoc1Xo_VH2r2aa4cKWGwujMAICdga4kUW1at9pokdpYGLZXRiCQN0GTOxFPfW2DUtk53aOKU6o3jxz1sTzG27w_eV0RR:1nJBCE:qN3vOlO7pegechMawObpOVous6B7v348gHOvVGZfZ-o", "expire_date": "2022-02-27T09:29:30.724Z"}}, {"model": "sessions.session", "pk": "nnxah56lh9z1pssfl75csdn3c1rs0nsp", "fields": {"session_data": ".eJxVjMEOwiAQRP-FsyEsyxb06N1vILBQqRqalPZk_Hdp0oPO8c2beQsftrX4reXFT0lcBIjTL4uBn7nuRXqEep8lz3Vdpih3RR5tk7c55df1cP8OSmilrymjMQOjQVZAZ216EDRa7pCtssg0BmcH0pqSVhGsguQCjgTagRWfL5noNd0:1nFFIB:Y-AyGy0ut2A11k8HbWSzPxEXh-dhnxiwVMLa_nLEZBE", "expire_date": "2022-02-16T13:03:23.024Z"}}, {"model": "sessions.session", "pk": "ru9bsnndfqsvtvbt6b06jd827af20nd3", "fields": {"session_data": ".eJxVjUsOwiAURffC2DQFaqGd6UYI79OU2FBTINEY9y41Hejw_s59CedLnl1JvLlAYhRKnH498HjjuAd-WXa78Yhribn5do44NZeqOOaAPoc1Xo_VH2r2aa4cKWGwujMAICdga4kUW1at9pokdpYGLZXRiCQN0GTOxFPfW2DUtk53aOKU6o3jxz1sTzG27w_eV0RR:1nGLDK:JMCoHL0c6ukNB-S4Nzwksz7-yHGoS1Hn3-XNQN6tN0s", "expire_date": "2022-02-19T13:34:54.414Z"}}, {"model": "sessions.session", "pk": "uyjcpl6fbge77yd7e8pbush1l9t6c9ca", "fields": {"session_data": ".eJxVjcsOgyAQRf-FdWNGHgru6o8QGMZIarARSNo0_fdq46Jd3te5L2ZdLbOtmTYbAxtYC-zya3qHN0pH4pblsBuHuNZUmm_njHNz3RWlEtGVuKbxXP2hZpfnnROk6ElLBIM4CdGGnnvVotTElQ5EXnRmkoqCAk4oOPgOjAm96kB57cUBzZTzfmPpcY_bkw3w_gDijEOK:1nHRth:FPTXwUpQtn5bTkRsVvrfrktILCtYm1f5ApG6oL0PMdk", "expire_date": "2022-02-22T14:55:13.245Z"}}, {"model": "sessions.session", "pk": "uz167i3vhju6p183ivb4he8bm3gk3xud", "fields": {"session_data": ".eJxVjMEOwiAQRP-FsyEsyxb06N1vILBQqRqalPZk_Hdp0oPO8c2beQsftrX4reXFT0lcBIjTL4uBn7nuRXqEep8lz3Vdpih3RR5tk7c55df1cP8OSmilrymjMQOjQVZAZ216EDRa7pCtssg0BmcH0pqSVhGsguQCjgTagRWfL5noNd0:1nFFKZ:yGb0qeJoGhxeJ8Thxb5RMRYJYElny3MzYRq48ir-0Wc", "expire_date": "2022-02-16T13:05:51.638Z"}}, {"model": "sessions.session", "pk": "ykmw2zeyetls6okxdx63p042rf7uknm4", "fields": {"session_data": ".eJxVjUsOwiAURffC2DQFaqGd6UYI79OU2FBTINEY9y41Hejw_s59CedLnl1JvLlAYhRKnH498HjjuAd-WXa78Yhribn5do44NZeqOOaAPoc1Xo_VH2r2aa4cKWGwujMAICdga4kUW1at9pokdpYGLZXRiCQN0GTOxFPfW2DUtk53aOKU6o3jxz1sTzG27w_eV0RR:1nJe2P:zZBzUjTLttIO7i9YSvXuVdxfnBBqAAP_AL4-Zp9tcCQ", "expire_date": "2022-02-28T16:17:17.813Z"}}, {"model": "sites.site", "pk": 1, "fields": {"domain": "127.0.0.1", "name": "example.com"}}, {"model": "news.author", "pk": 1, "fields": {"user": 3, "rating": 8}}, {"model": "news.author", "pk": 2, "fields": {"user": 2, "rating": 4}}, {"model": "news.author", "pk": 3, "fields": {"user": 1, "rating": 0}}, {"model": "news.category", "pk": 1, "fields": {"name": "news"}}, {"model": "news.category", "pk": 2, "fields": {"name": "tech"}}, {"model": "news.category", "pk": 3, "fields": {"name": "nature"}}, {"model": "news.category", "pk": 4, "fields": {"name": "people"}}, {"model": "news.categoryuser", "pk": 1, "fields": {"user": 3, "category": 1}}, {"model": "news.categoryuser", "pk": 2, "fields": {"user": 3, "category": 2}}, {"model": "news.categoryuser", "pk": 3, "fields": {"user": 3, "category": 3}}, {"model": "news.categoryuser", "pk": 4, "fields": {"user": 3, "category": 4}}, {"model": "news.categoryuser", "pk": 5, "fields": {"user": 2, "category": 1}}, {"model": "news.categoryuser", "pk": 6, "fields": {"user": 2, "category": 2}}, {"model": "news.categoryuser", "pk": 7, "fields": {"user": 10, "category": 2}}, {"model": "news.categoryuser", "pk": 8, "fields": {"user": 10, "category": 4}}, {"model": "news.post", "pk": 1, "fields": {"author": 1, "is_news": true, "time_emerged": "2021-12-26T09:48:36.109Z", "name": "First News", "text": "What has actualy fucking happened today. Coronavirus infections are on the rise as millions of Americans are expected to travel for the holidays amid rapid spread of the omicron variant.", "rating": 2}}, {"model": "news.post", "pk": 2, "fields": {"author": 2, "is_news": false, "time_emerged": "2021-12-26T09:51:37.459Z", "name": "First Article", "text": "Article about global warming and shitload of poeple who study it. Although the terms global warming and climate change are often used interchangeably, they apply to different phenomena. Climate change refers to changes in Earth's temperature, humidity, air pressure, wind, clouds, and precipitation patterns over time.", "rating": 1}}, {"model": "news.post", "pk": 3, "fields": {"author": 2, "is_news": false, "time_emerged": "2021-12-26T09:53:12.299Z", "name": "Second Article", "text": "Article about where IT meets nature. The James Webb Space Telescope — humanity’s biggest gamble yet in its quest to probe the Universe — soared into space on 25 December, marking the culmination of decades of work by astronomers around the world.", "rating": -1}}, {"model": "news.post", "pk": 4, "fields": {"author": 1, "is_news": true, "time_emerged": "2022-01-13T13:25:34.691Z", "name": "Another short article", "text": "too short for an article", "rating": 0}}, {"model": "news.post", "pk": 5, "fields": {"author": 3, "is_news": false, "time_emerged": "2022-01-25T12:05:53.669Z", "name": "Как добавить статью", "text": "1. Написать статью\r\n2. Добавить статью", "rating": 0}}, {"model": "news.post", "pk": 7, "fields": {"author": 2, "is_news": true, "time_emerged": "2022-02-09T09:09:29.019Z", "name": "asda", "text": "sdads", "rating": 0}}, {"model": "news.post", "pk": 8, "fields": {"author": 2, "is_news": false, "time_emerged": "2022-02-09T09:12:32.989Z", "name": "weekly update emails", "text": "Testing weekly update emails for news category subscribers", "rating": 0}}, {"model": "news.post", "pk": 9, "fields": {"author": 2, "is_news": false, "time_emerged": "2022-02-09T12:08:32.214Z", "name": "Почему не пришла почта?", "text": "Или статья не добавляется, или почта не приходит. Все потому, что пользуемся не той функцией.", "rating": 0}}, {"model": "news.post", "pk": 10, "fields": {"author": 2, "is_news": false, "time_emerged": "2022-02-09T12:16:03.509Z", "name": "Диагностика - наше ВСЕ", "text": "Уже используем правильную функцию и новость добавляется, но почта все равно не приходит. Надо расширять диагностику.", "rating": 0}}, {"model": "news.post", "pk": 11, "fields": {"author": 1, "is_news": false, "time_emerged": "2022-02-09T12:18:11.307Z", "name": "Еще разок", "text": "и еще потом", "rating": 0}}, {"model": "news.post", "pk": 13, "fields": {"author": 2, "is_news": true, "time_emerged": "2022-02-09T16:18:41.747Z", "name": "testt", "text": "test", "rating": 0}}, {"model": "news.post", "pk": 16, "fields": {"author": 2, "is_news": true, "time_emerged": "2022-02-09T16:38:45.065Z", "name": "ggggggggg", "text": "gfffffffffffffd", "rating": 0}}, {"model": "news.post", "pk": 19, "fields": {"author": 2, "is_news": true, "time_emerged": "2022-02-09T17:02:37.119Z", "name": "django test", "text": "test", "rating": 0}}, {"model": "news.post", "pk": 20, "fields": {"author": 2, "is_news": true, "time_emerged": "2022-02-09T17:06:44.882Z", "name": "test", "text": "testing  testing  testing  testing  testing  testing  testing  testing  testing  testing  testing  testing  testing  testing  testing  testing  testing", "rating": 0}}, {"model": "news.postcategory", "pk": 1, "fields": {"post": 5, "category": 2}}, {"model": "news.postcategory", "pk": 2, "fields": {"post": 4, "category": 1}}, {"model": "news.postcategory", "pk": 3, "fields": {"post": 3, "category": 1}}, {"model": "news.postcategory", "pk": 4, "fields": {"post": 2, "category": 1}}, {"model": "news.postcategory", "pk": 5, "fields": {"post": 1, "category": 2}}, {"model": "news.postcategory", "pk": 6, "fields": {"post": 7, "category": 3}}, {"model": "news.postcategory", "pk": 7, "fields": {"post": 8, "category": 4}}, {"model": "news.postcategory", "pk": 8, "fields": {"post": 9, "category": 2}}, {"model": "news.postcategory", "pk": 9, "fields": {"post": 10, "category": 2}}, {"model": "news.postcategory", "pk": 10, "fields": {"post": 11, "category": 2}}, {"model": "news.postcategory", "pk": 12, "fields": {"post": 13, "category": 2}}, {"model": "news.postcategory", "pk": 15, "fields": {"post": 16, "category": 2}}, {"model": "news.postcategory", "pk": 18, "fields": {"post": 19, "category": 2}}, {"model": "news.postcategory", "pk": 19, "fields": {"post": 20, "category": 2}}, {"model": "news.comment", "pk": 1, "fields": {"post": 1, "user": 2, "text": "Finaly! I'm happy!", "time_emerged": "2021-12-26T10:21:18.664Z", "rating": 2}}, {"model": "news.comment", "pk": 2, "fields": {"post": 2, "user": 3, "text": "Very inspiring.", "time_emerged": "2021-12-26T10:22:36.355Z", "rating": 1}}, {"model": "news.comment", "pk": 3, "fields": {"post": 2, "user": 2, "text": "Thanks", "time_emerged": "2021-12-26T10:23:06.306Z", "rating": 1}}, {"model": "news.comment", "pk": 4, "fields": {"post": 3, "user": 3, "text": "Boring. Didn't make it to the end.", "time_emerged": "2021-12-26T10:25:51.478Z", "rating": -1}}, {"model": "django_apscheduler.djangojob", "pk": "delete_old_job_executions", "fields": {"next_run_time": "2022-02-13T22:00:00Z", "job_state": "gAWVkAQAAAAAAAB9lCiMB3ZlcnNpb26USwGMAmlklIwZZGVsZXRlX29sZF9qb2JfZXhlY3V0aW9uc5SMBGZ1bmOUjEFuZXdzLm1hbmFnZW1lbnQuY29tbWFuZHMucnVuYXBzY2hlZHVsZXI6ZGVsZXRlX29sZF9qb2JfZXhlY3V0aW9uc5SMB3RyaWdnZXKUjBlhcHNjaGVkdWxlci50cmlnZ2Vycy5jcm9ulIwLQ3JvblRyaWdnZXKUk5QpgZR9lChoAUsCjAh0aW1lem9uZZSMG3B5dHpfZGVwcmVjYXRpb25fc2hpbS5faW1wbJSMCXdyYXBfem9uZZSTlIwIYnVpbHRpbnOUjAdnZXRhdHRylJOUjAh6b25laW5mb5SMCFpvbmVJbmZvlJOUjAlfdW5waWNrbGWUhpRSlIwSRXVyb3BlL0thbGluaW5ncmFklEsBhpRSlGgZhpRSlIwKc3RhcnRfZGF0ZZROjAhlbmRfZGF0ZZROjAZmaWVsZHOUXZQojCBhcHNjaGVkdWxlci50cmlnZ2Vycy5jcm9uLmZpZWxkc5SMCUJhc2VGaWVsZJSTlCmBlH2UKIwEbmFtZZSMBHllYXKUjAppc19kZWZhdWx0lIiMC2V4cHJlc3Npb25zlF2UjCVhcHNjaGVkdWxlci50cmlnZ2Vycy5jcm9uLmV4cHJlc3Npb25zlIwNQWxsRXhwcmVzc2lvbpSTlCmBlH2UjARzdGVwlE5zYmF1YmgijApNb250aEZpZWxklJOUKYGUfZQoaCeMBW1vbnRolGgpiGgqXZRoLimBlH2UaDFOc2JhdWJoIowPRGF5T2ZNb250aEZpZWxklJOUKYGUfZQoaCeMA2RheZRoKYhoKl2UaC4pgZR9lGgxTnNiYXViaCKMCVdlZWtGaWVsZJSTlCmBlH2UKGgnjAR3ZWVrlGgpiGgqXZRoLimBlH2UaDFOc2JhdWJoIowORGF5T2ZXZWVrRmllbGSUk5QpgZR9lChoJ4wLZGF5X29mX3dlZWuUaCmJaCpdlGgsjBZXZWVrZGF5UmFuZ2VFeHByZXNzaW9ulJOUKYGUfZQoaDFOjAVmaXJzdJRLAIwEbGFzdJRLAHViYXViaCQpgZR9lChoJ4wEaG91cpRoKYloKl2UaCyMD1JhbmdlRXhwcmVzc2lvbpSTlCmBlH2UKGgxTmhUSwBoVUsAdWJhdWJoJCmBlH2UKGgnjAZtaW51dGWUaCmJaCpdlGhbKYGUfZQoaDFOaFRLAGhVSwB1YmF1YmgkKYGUfZQoaCeMBnNlY29uZJRoKYhoKl2UaFspgZR9lChoMU5oVEsAaFVLAHViYXViZYwGaml0dGVylE51YowIZXhlY3V0b3KUjAdkZWZhdWx0lIwEYXJnc5QpjAZrd2FyZ3OUfZRoJ2gDjBJtaXNmaXJlX2dyYWNlX3RpbWWUSwGMCGNvYWxlc2NllIiMDW1heF9pbnN0YW5jZXOUSwGMDW5leHRfcnVuX3RpbWWUjAhkYXRldGltZZSMCGRhdGV0aW1llJOUQwoH5gIOAAAAAAAAlGgdhpRSlHUu"}}, {"model": "django_apscheduler.djangojob", "pk": "my_job", "fields": {"next_run_time": "2022-02-09T11:53:30Z", "job_state": "gAWVDQQAAAAAAAB9lCiMB3ZlcnNpb26USwGMAmlklIwGbXlfam9ilIwEZnVuY5SMLm5ld3MubWFuYWdlbWVudC5jb21tYW5kcy5ydW5hcHNjaGVkdWxlcjpteV9qb2KUjAd0cmlnZ2VylIwZYXBzY2hlZHVsZXIudHJpZ2dlcnMuY3JvbpSMC0Nyb25UcmlnZ2VylJOUKYGUfZQoaAFLAowIdGltZXpvbmWUjBtweXR6X2RlcHJlY2F0aW9uX3NoaW0uX2ltcGyUjAl3cmFwX3pvbmWUk5SMCGJ1aWx0aW5zlIwHZ2V0YXR0cpSTlIwIem9uZWluZm+UjAhab25lSW5mb5STlIwJX3VucGlja2xllIaUUpSMEkV1cm9wZS9LYWxpbmluZ3JhZJRLAYaUUpRoGYaUUpSMCnN0YXJ0X2RhdGWUTowIZW5kX2RhdGWUTowGZmllbGRzlF2UKIwgYXBzY2hlZHVsZXIudHJpZ2dlcnMuY3Jvbi5maWVsZHOUjAlCYXNlRmllbGSUk5QpgZR9lCiMBG5hbWWUjAR5ZWFylIwKaXNfZGVmYXVsdJSIjAtleHByZXNzaW9uc5RdlIwlYXBzY2hlZHVsZXIudHJpZ2dlcnMuY3Jvbi5leHByZXNzaW9uc5SMDUFsbEV4cHJlc3Npb26Uk5QpgZR9lIwEc3RlcJROc2JhdWJoIowKTW9udGhGaWVsZJSTlCmBlH2UKGgnjAVtb250aJRoKYhoKl2UaC4pgZR9lGgxTnNiYXViaCKMD0RheU9mTW9udGhGaWVsZJSTlCmBlH2UKGgnjANkYXmUaCmIaCpdlGguKYGUfZRoMU5zYmF1YmgijAlXZWVrRmllbGSUk5QpgZR9lChoJ4wEd2Vla5RoKYhoKl2UaC4pgZR9lGgxTnNiYXViaCKMDkRheU9mV2Vla0ZpZWxklJOUKYGUfZQoaCeMC2RheV9vZl93ZWVrlGgpiGgqXZRoLimBlH2UaDFOc2JhdWJoJCmBlH2UKGgnjARob3VylGgpiGgqXZRoLimBlH2UaDFOc2JhdWJoJCmBlH2UKGgnjAZtaW51dGWUaCmIaCpdlGguKYGUfZRoMU5zYmF1YmgkKYGUfZQoaCeMBnNlY29uZJRoKYloKl2UaC4pgZR9lGgxSx5zYmF1YmWMBmppdHRlcpROdWKMCGV4ZWN1dG9ylIwHZGVmYXVsdJSMBGFyZ3OUKYwGa3dhcmdzlH2UaCdoA4wSbWlzZmlyZV9ncmFjZV90aW1llEsBjAhjb2FsZXNjZZSIjA1tYXhfaW5zdGFuY2VzlEsBjA1uZXh0X3J1bl90aW1llIwIZGF0ZXRpbWWUjAhkYXRldGltZZSTlEMKB+YCCQ01HgAAAJRoHYaUUpR1Lg=="}}, {"model": "django_apscheduler.djangojobexecution", "pk": 1, "fields": {"job": "my_job", "status": "Executed", "run_time": "2022-02-09T08:04:40Z", "duration": "0.03", "finished": "1644393880.03", "exception": null, "traceback": null}}, {"model": "django_apscheduler.djangojobexecution", "pk": 2, "fields": {"job": "my_job", "status": "Executed", "run_time": "2022-02-09T08:04:50Z", "duration": "0.06", "finished": "1644393890.06", "exception": null, "traceback": null}}, {"model": "django_apscheduler.djangojobexecution", "pk": 3, "fields": {"job": "my_job", "status": "Executed", "run_time": "2022-02-09T08:10:20Z", "duration": "1.87", "finished": "1644394221.87", "exception": null, "traceback": null}}, {"model": "django_apscheduler.djangojobexecution", "pk": 4, "fields": {"job": "my_job", "status": "Executed", "run_time": "2022-02-09T08:10:30Z", "duration": "1.22", "finished": "1644394231.22", "exception": null, "traceback": null}}, {"model": "django_apscheduler.djangojobexecution", "pk": 5, "fields": {"job": "my_job", "status": "Executed", "run_time": "2022-02-09T08:29:40Z", "duration": "0.02", "finished": "1644395380.02", "exception": null, "traceback": null}}, {"model": "django_apscheduler.djangojobexecution", "pk": 6, "fields": {"job": "my_job", "status": "Error!", "run_time": "2022-02-09T09:19:00Z", "duration": "0.04", "finished": "1644398340.04", "exception": "Cannot query \"CategoryUser object (1)\": Must be \"User\" instance.", "traceback": "  File \"C:\\Users\\kgpa\\PycharmProjects\\NewsPaper\\venv\\lib\\site-packages\\apscheduler\\executors\\base.py\", line 125, in run_job\n    retval = job.func(*job.args, **job.kwargs)\n  File \"C:\\Users\\kgpa\\PycharmProjects\\NewsPaper\\NewsPaper\\news\\management\\commands\\runapscheduler.py\", line 24, in my_job\n    user_cats = CategoryUser.objects.filter(user=user)\n  File \"C:\\Users\\kgpa\\PycharmProjects\\NewsPaper\\venv\\lib\\site-packages\\django\\db\\models\\manager.py\", line 85, in manager_method\n    return getattr(self.get_queryset(), name)(*args, **kwargs)\n  File \"C:\\Users\\kgpa\\PycharmProjects\\NewsPaper\\venv\\lib\\site-packages\\django\\db\\models\\query.py\", line 974, in filter\n    return self._filter_or_exclude(False, args, kwargs)\n  File \"C:\\Users\\kgpa\\PycharmProjects\\NewsPaper\\venv\\lib\\site-packages\\django\\db\\models\\query.py\", line 992, in _filter_or_exclude\n    clone._filter_or_exclude_inplace(negate, args, kwargs)\n  File \"C:\\Users\\kgpa\\PycharmProjects\\NewsPaper\\venv\\lib\\site-packages\\django\\db\\models\\query.py\", line 999, in _filter_or_exclude_inplace\n    self._query.add_q(Q(*args, **kwargs))\n  File \"C:\\Users\\kgpa\\PycharmProjects\\NewsPaper\\venv\\lib\\site-packages\\django\\db\\models\\sql\\query.py\", line 1375, in add_q\n    clause, _ = self._add_q(q_object, self.used_aliases)\n  File \"C:\\Users\\kgpa\\PycharmProjects\\NewsPaper\\venv\\lib\\site-packages\\django\\db\\models\\sql\\query.py\", line 1396, in _add_q\n    child_clause, needed_inner = self.build_filter(\n  File \"C:\\Users\\kgpa\\PycharmProjects\\NewsPaper\\venv\\lib\\site-packages\\django\\db\\models\\sql\\query.py\", line 1302, in build_filter\n    self.check_related_objects(join_info.final_field, value, join_info.opts)\n  File \"C:\\Users\\kgpa\\PycharmProjects\\NewsPaper\\venv\\lib\\site-packages\\django\\db\\models\\sql\\query.py\", line 1134, in check_related_objects\n    self.check_query_object_type(value, opts, field)\n  File \"C:\\Users\\kgpa\\PycharmProjects\\NewsPaper\\venv\\lib\\site-packages\\django\\db\\models\\sql\\query.py\", line 1115, in check_query_object_type\n    raise ValueError(\n"}}, {"model": "django_apscheduler.djangojobexecution", "pk": 7, "fields": {"job": "my_job", "status": "Error!", "run_time": "2022-02-09T09:19:10Z", "duration": "0.05", "finished": "1644398350.05", "exception": "Cannot query \"CategoryUser object (1)\": Must be \"User\" instance.", "traceback": "  File \"C:\\Users\\kgpa\\PycharmProjects\\NewsPaper\\venv\\lib\\site-packages\\apscheduler\\executors\\base.py\", line 125, in run_job\n    retval = job.func(*job.args, **job.kwargs)\n  File \"C:\\Users\\kgpa\\PycharmProjects\\NewsPaper\\NewsPaper\\news\\management\\commands\\runapscheduler.py\", line 24, in my_job\n    user_cats = CategoryUser.objects.filter(user=user)\n  File \"C:\\Users\\kgpa\\PycharmProjects\\NewsPaper\\venv\\lib\\site-packages\\django\\db\\models\\manager.py\", line 85, in manager_method\n    return getattr(self.get_queryset(), name)(*args, **kwargs)\n  File \"C:\\Users\\kgpa\\PycharmProjects\\NewsPaper\\venv\\lib\\site-packages\\django\\db\\models\\query.py\", line 974, in filter\n    return self._filter_or_exclude(False, args, kwargs)\n  File \"C:\\Users\\kgpa\\PycharmProjects\\NewsPaper\\venv\\lib\\site-packages\\django\\db\\models\\query.py\", line 992, in _filter_or_exclude\n    clone._filter_or_exclude_inplace(negate, args, kwargs)\n  File \"C:\\Users\\kgpa\\PycharmProjects\\NewsPaper\\venv\\lib\\site-packages\\django\\db\\models\\query.py\", line 999, in _filter_or_exclude_inplace\n    self._query.add_q(Q(*args, **kwargs))\n  File \"C:\\Users\\kgpa\\PycharmProjects\\NewsPaper\\venv\\lib\\site-packages\\django\\db\\models\\sql\\query.py\", line 1375, in add_q\n    clause, _ = self._add_q(q_object, self.used_aliases)\n  File \"C:\\Users\\kgpa\\PycharmProjects\\NewsPaper\\venv\\lib\\site-packages\\django\\db\\models\\sql\\query.py\", line 1396, in _add_q\n    child_clause, needed_inner = self.build_filter(\n  File \"C:\\Users\\kgpa\\PycharmProjects\\NewsPaper\\venv\\lib\\site-packages\\django\\db\\models\\sql\\query.py\", line 1302, in build_filter\n    self.check_related_objects(join_info.final_field, value, join_info.opts)\n  File \"C:\\Users\\kgpa\\PycharmProjects\\NewsPaper\\venv\\lib\\site-packages\\django\\db\\models\\sql\\query.py\", line 1134, in check_related_objects\n    self.check_query_object_type(value, opts, field)\n  File \"C:\\Users\\kgpa\\PycharmProjects\\NewsPaper\\venv\\lib\\site-packages\\django\\db\\models\\sql\\query.py\", line 1115, in check_query_object_type\n    raise ValueError(\n"}}, {"model": "django_apscheduler.djangojobexecution", "pk": 8, "fields": {"job": "my_job", "status": "Error!", "run_time": "2022-02-09T09:19:20Z", "duration": "0.06", "finished": "1644398360.06", "exception": "Cannot query \"CategoryUser object (1)\": Must be \"User\" instance.", "traceback": "  File \"C:\\Users\\kgpa\\PycharmProjects\\NewsPaper\\venv\\lib\\site-packages\\apscheduler\\executors\\base.py\", line 125, in run_job\n    retval = job.func(*job.args, **job.kwargs)\n  File \"C:\\Users\\kgpa\\PycharmProjects\\NewsPaper\\NewsPaper\\news\\management\\commands\\runapscheduler.py\", line 24, in my_job\n    user_cats = CategoryUser.objects.filter(user=user)\n  File \"C:\\Users\\kgpa\\PycharmProjects\\NewsPaper\\venv\\lib\\site-packages\\django\\db\\models\\manager.py\", line 85, in manager_method\n    return getattr(self.get_queryset(), name)(*args, **kwargs)\n  File \"C:\\Users\\kgpa\\PycharmProjects\\NewsPaper\\venv\\lib\\site-packages\\django\\db\\models\\query.py\", line 974, in filter\n    return self._filter_or_exclude(False, args, kwargs)\n  File \"C:\\Users\\kgpa\\PycharmProjects\\NewsPaper\\venv\\lib\\site-packages\\django\\db\\models\\query.py\", line 992, in _filter_or_exclude\n    clone._filter_or_exclude_inplace(negate, args, kwargs)\n  File \"C:\\Users\\kgpa\\PycharmProjects\\NewsPaper\\venv\\lib\\site-packages\\django\\db\\models\\query.py\", line 999, in _filter_or_exclude_inplace\n    self._query.add_q(Q(*args, **kwargs))\n  File \"C:\\Users\\kgpa\\PycharmProjects\\NewsPaper\\venv\\lib\\site-packages\\django\\db\\models\\sql\\query.py\", line 1375, in add_q\n    clause, _ = self._add_q(q_object, self.used_aliases)\n  File \"C:\\Users\\kgpa\\PycharmProjects\\NewsPaper\\venv\\lib\\site-packages\\django\\db\\models\\sql\\query.py\", line 1396, in _add_q\n    child_clause, needed_inner = self.build_filter(\n  File \"C:\\Users\\kgpa\\PycharmProjects\\NewsPaper\\venv\\lib\\site-packages\\django\\db\\models\\sql\\query.py\", line 1302, in build_filter\n    self.check_related_objects(join_info.final_field, value, join_info.opts)\n  File \"C:\\Users\\kgpa\\PycharmProjects\\NewsPaper\\venv\\lib\\site-packages\\django\\db\\models\\sql\\query.py\", line 1134, in check_related_objects\n    self.check_query_object_type(value, opts, field)\n  File \"C:\\Users\\kgpa\\PycharmProjects\\NewsPaper\\venv\\lib\\site-packages\\django\\db\\models\\sql\\query.py\", line 1115, in check_query_object_type\n    raise ValueError(\n"}}, {"model": "django_apscheduler.djangojobexecution", "pk": 9, "fields": {"job": "my_job", "status": "Error!", "run_time": "2022-02-09T09:19:30Z", "duration": "0.05", "finished": "1644398370.05", "exception": "Cannot query \"CategoryUser object (1)\": Must be \"User\" instance.", "traceback": "  File \"C:\\Users\\kgpa\\PycharmProjects\\NewsPaper\\venv\\lib\\site-packages\\apscheduler\\executors\\base.py\", line 125, in run_job\n    retval = job.func(*job.args, **job.kwargs)\n  File \"C:\\Users\\kgpa\\PycharmProjects\\NewsPaper\\NewsPaper\\news\\management\\commands\\runapscheduler.py\", line 24, in my_job\n    user_cats = CategoryUser.objects.filter(user=user)\n  File \"C:\\Users\\kgpa\\PycharmProjects\\NewsPaper\\venv\\lib\\site-packages\\django\\db\\models\\manager.py\", line 85, in manager_method\n    return getattr(self.get_queryset(), name)(*args, **kwargs)\n  File \"C:\\Users\\kgpa\\PycharmProjects\\NewsPaper\\venv\\lib\\site-packages\\django\\db\\models\\query.py\", line 974, in filter\n    return self._filter_or_exclude(False, args, kwargs)\n  File \"C:\\Users\\kgpa\\PycharmProjects\\NewsPaper\\venv\\lib\\site-packages\\django\\db\\models\\query.py\", line 992, in _filter_or_exclude\n    clone._filter_or_exclude_inplace(negate, args, kwargs)\n  File \"C:\\Users\\kgpa\\PycharmProjects\\NewsPaper\\venv\\lib\\site-packages\\django\\db\\models\\query.py\", line 999, in _filter_or_exclude_inplace\n    self._query.add_q(Q(*args, **kwargs))\n  File \"C:\\Users\\kgpa\\PycharmProjects\\NewsPaper\\venv\\lib\\site-packages\\django\\db\\models\\sql\\query.py\", line 1375, in add_q\n    clause, _ = self._add_q(q_object, self.used_aliases)\n  File \"C:\\Users\\kgpa\\PycharmProjects\\NewsPaper\\venv\\lib\\site-packages\\django\\db\\models\\sql\\query.py\", line 1396, in _add_q\n    child_clause, needed_inner = self.build_filter(\n  File \"C:\\Users\\kgpa\\PycharmProjects\\NewsPaper\\venv\\lib\\site-packages\\django\\db\\models\\sql\\query.py\", line 1302, in build_filter\n    self.check_related_objects(join_info.final_field, value, join_info.opts)\n  File \"C:\\Users\\kgpa\\PycharmProjects\\NewsPaper\\venv\\lib\\site-packages\\django\\db\\models\\sql\\query.py\", line 1134, in check_related_objects\n    self.check_query_object_type(value, opts, field)\n  File \"C:\\Users\\kgpa\\PycharmProjects\\NewsPaper\\venv\\lib\\site-packages\\django\\db\\models\\sql\\query.py\", line 1115, in check_query_object_type\n    raise ValueError(\n"}}, {"model": "django_apscheduler.djangojobexecution", "pk": 10, "fields": {"job": "my_job", "status": "Error!", "run_time": "2022-02-09T09:27:40Z", "duration": "0.01", "finished": "1644398860.01", "exception": "Cannot query \"CategoryUser object (1)\": Must be \"User\" instance.", "traceback": "  File \"C:\\Users\\kgpa\\PycharmProjects\\NewsPaper\\venv\\lib\\site-packages\\apscheduler\\executors\\base.py\", line 125, in run_job\n    retval = job.func(*job.args, **job.kwargs)\n  File \"C:\\Users\\kgpa\\PycharmProjects\\NewsPaper\\NewsPaper\\news\\management\\commands\\runapscheduler.py\", line 24, in my_job\n    user_cats = CategoryUser.objects.filter(user=user)\n  File \"C:\\Users\\kgpa\\PycharmProjects\\NewsPaper\\venv\\lib\\site-packages\\django\\db\\models\\manager.py\", line 85, in manager_method\n    return getattr(self.get_queryset(), name)(*args, **kwargs)\n  File \"C:\\Users\\kgpa\\PycharmProjects\\NewsPaper\\venv\\lib\\site-packages\\django\\db\\models\\query.py\", line 974, in filter\n    return self._filter_or_exclude(False, args, kwargs)\n  File \"C:\\Users\\kgpa\\PycharmProjects\\NewsPaper\\venv\\lib\\site-packages\\django\\db\\models\\query.py\", line 992, in _filter_or_exclude\n    clone._filter_or_exclude_inplace(negate, args, kwargs)\n  File \"C:\\Users\\kgpa\\PycharmProjects\\NewsPaper\\venv\\lib\\site-packages\\django\\db\\models\\query.py\", line 999, in _filter_or_exclude_inplace\n    self._query.add_q(Q(*args, **kwargs))\n  File \"C:\\Users\\kgpa\\PycharmProjects\\NewsPaper\\venv\\lib\\site-packages\\django\\db\\models\\sql\\query.py\", line 1375, in add_q\n    clause, _ = self._add_q(q_object, self.used_aliases)\n  File \"C:\\Users\\kgpa\\PycharmProjects\\NewsPaper\\venv\\lib\\site-packages\\django\\db\\models\\sql\\query.py\", line 1396, in _add_q\n    child_clause, needed_inner = self.build_filter(\n  File \"C:\\Users\\kgpa\\PycharmProjects\\NewsPaper\\venv\\lib\\site-packages\\django\\db\\models\\sql\\query.py\", line 1302, in build_filter\n    self.check_related_objects(join_info.final_field, value, join_info.opts)\n  File \"C:\\Users\\kgpa\\PycharmProjects\\NewsPaper\\venv\\lib\\site-packages\\django\\db\\models\\sql\\query.py\", line 1134, in check_related_objects\n    self.check_query_object_type(value, opts, field)\n  File \"C:\\Users\\kgpa\\PycharmProjects\\NewsPaper\\venv\\lib\\site-packages\\django\\db\\models\\sql\\query.py\", line 1115, in check_query_object_type\n    raise ValueError(\n"}}, {"model": "django_apscheduler.djangojobexecution", "pk": 11, "fields": {"job": "my_job", "status": "Error!", "run_time": "2022-02-09T09:29:30Z", "duration": "0.03", "finished": "1644398970.03", "exception": "Cannot query \"CategoryUser object (1)\": Must be \"User\" instance.", "traceback": "  File \"C:\\Users\\kgpa\\PycharmProjects\\NewsPaper\\venv\\lib\\site-packages\\apscheduler\\executors\\base.py\", line 125, in run_job\n    retval = job.func(*job.args, **job.kwargs)\n  File \"C:\\Users\\kgpa\\PycharmProjects\\NewsPaper\\NewsPaper\\news\\management\\commands\\runapscheduler.py\", line 24, in my_job\n    user_cats = CategoryUser.objects.filter(user=user)\n  File \"C:\\Users\\kgpa\\PycharmProjects\\NewsPaper\\venv\\lib\\site-packages\\django\\db\\models\\manager.py\", line 85, in manager_method\n    return getattr(self.get_queryset(), name)(*args, **kwargs)\n  File \"C:\\Users\\kgpa\\PycharmProjects\\NewsPaper\\venv\\lib\\site-packages\\django\\db\\models\\query.py\", line 974, in filter\n    return self._filter_or_exclude(False, args, kwargs)\n  File \"C:\\Users\\kgpa\\PycharmProjects\\NewsPaper\\venv\\lib\\site-packages\\django\\db\\models\\query.py\", line 992, in _filter_or_exclude\n    clone._filter_or_exclude_inplace(negate, args, kwargs)\n  File \"C:\\Users\\kgpa\\PycharmProjects\\NewsPaper\\venv\\lib\\site-packages\\django\\db\\models\\query.py\", line 999, in _filter_or_exclude_inplace\n    self._query.add_q(Q(*args, **kwargs))\n  File \"C:\\Users\\kgpa\\PycharmProjects\\NewsPaper\\venv\\lib\\site-packages\\django\\db\\models\\sql\\query.py\", line 1375, in add_q\n    clause, _ = self._add_q(q_object, self.used_aliases)\n  File \"C:\\Users\\kgpa\\PycharmProjects\\NewsPaper\\venv\\lib\\site-packages\\django\\db\\models\\sql\\query.py\", line 1396, in _add_q\n    child_clause, needed_inner = self.build_filter(\n  File \"C:\\Users\\kgpa\\PycharmProjects\\NewsPaper\\venv\\lib\\site-packages\\django\\db\\models\\sql\\query.py\", line 1302, in build_filter\n    self.check_related_objects(join_info.final_field, value, join_info.opts)\n  File \"C:\\Users\\kgpa\\PycharmProjects\\NewsPaper\\venv\\lib\\site-packages\\django\\db\\models\\sql\\query.py\", line 1134, in check_related_objects\n    self.check_query_object_type(value, opts, field)\n  File \"C:\\Users\\kgpa\\PycharmProjects\\NewsPaper\\venv\\lib\\site-packages\\django\\db\\models\\sql\\query.py\", line 1115, in check_query_object_type\n    raise ValueError(\n"}}, {"model": "django_apscheduler.djangojobexecution", "pk": 12, "fields": {"job": "my_job", "status": "Error!", "run_time": "2022-02-09T09:29:40Z", "duration": "0.05", "finished": "1644398980.05", "exception": "Cannot query \"CategoryUser object (1)\": Must be \"User\" instance.", "traceback": "  File \"C:\\Users\\kgpa\\PycharmProjects\\NewsPaper\\venv\\lib\\site-packages\\apscheduler\\executors\\base.py\", line 125, in run_job\n    retval = job.func(*job.args, **job.kwargs)\n  File \"C:\\Users\\kgpa\\PycharmProjects\\NewsPaper\\NewsPaper\\news\\management\\commands\\runapscheduler.py\", line 24, in my_job\n    user_cats = CategoryUser.objects.filter(user=user)\n  File \"C:\\Users\\kgpa\\PycharmProjects\\NewsPaper\\venv\\lib\\site-packages\\django\\db\\models\\manager.py\", line 85, in manager_method\n    return getattr(self.get_queryset(), name)(*args, **kwargs)\n  File \"C:\\Users\\kgpa\\PycharmProjects\\NewsPaper\\venv\\lib\\site-packages\\django\\db\\models\\query.py\", line 974, in filter\n    return self._filter_or_exclude(False, args, kwargs)\n  File \"C:\\Users\\kgpa\\PycharmProjects\\NewsPaper\\venv\\lib\\site-packages\\django\\db\\models\\query.py\", line 992, in _filter_or_exclude\n    clone._filter_or_exclude_inplace(negate, args, kwargs)\n  File \"C:\\Users\\kgpa\\PycharmProjects\\NewsPaper\\venv\\lib\\site-packages\\django\\db\\models\\query.py\", line 999, in _filter_or_exclude_inplace\n    self._query.add_q(Q(*args, **kwargs))\n  File \"C:\\Users\\kgpa\\PycharmProjects\\NewsPaper\\venv\\lib\\site-packages\\django\\db\\models\\sql\\query.py\", line 1375, in add_q\n    clause, _ = self._add_q(q_object, self.used_aliases)\n  File \"C:\\Users\\kgpa\\PycharmProjects\\NewsPaper\\venv\\lib\\site-packages\\django\\db\\models\\sql\\query.py\", line 1396, in _add_q\n    child_clause, needed_inner = self.build_filter(\n  File \"C:\\Users\\kgpa\\PycharmProjects\\NewsPaper\\venv\\lib\\site-packages\\django\\db\\models\\sql\\query.py\", line 1302, in build_filter\n    self.check_related_objects(join_info.final_field, value, join_info.opts)\n  File \"C:\\Users\\kgpa\\PycharmProjects\\NewsPaper\\venv\\lib\\site-packages\\django\\db\\models\\sql\\query.py\", line 1134, in check_related_objects\n    self.check_query_object_type(value, opts, field)\n  File \"C:\\Users\\kgpa\\PycharmProjects\\NewsPaper\\venv\\lib\\site-packages\\django\\db\\models\\sql\\query.py\", line 1115, in check_query_object_type\n    raise ValueError(\n"}}, {"model": "django_apscheduler.djangojobexecution", "pk": 13, "fields": {"job": "my_job", "status": "Error!", "run_time": "2022-02-09T09:29:50Z", "duration": "0.05", "finished": "1644398990.05", "exception": "Cannot query \"CategoryUser object (1)\": Must be \"User\" instance.", "traceback": "  File \"C:\\Users\\kgpa\\PycharmProjects\\NewsPaper\\venv\\lib\\site-packages\\apscheduler\\executors\\base.py\", line 125, in run_job\n    retval = job.func(*job.args, **job.kwargs)\n  File \"C:\\Users\\kgpa\\PycharmProjects\\NewsPaper\\NewsPaper\\news\\management\\commands\\runapscheduler.py\", line 24, in my_job\n    user_cats = CategoryUser.objects.filter(user=user)\n  File \"C:\\Users\\kgpa\\PycharmProjects\\NewsPaper\\venv\\lib\\site-packages\\django\\db\\models\\manager.py\", line 85, in manager_method\n    return getattr(self.get_queryset(), name)(*args, **kwargs)\n  File \"C:\\Users\\kgpa\\PycharmProjects\\NewsPaper\\venv\\lib\\site-packages\\django\\db\\models\\query.py\", line 974, in filter\n    return self._filter_or_exclude(False, args, kwargs)\n  File \"C:\\Users\\kgpa\\PycharmProjects\\NewsPaper\\venv\\lib\\site-packages\\django\\db\\models\\query.py\", line 992, in _filter_or_exclude\n    clone._filter_or_exclude_inplace(negate, args, kwargs)\n  File \"C:\\Users\\kgpa\\PycharmProjects\\NewsPaper\\venv\\lib\\site-packages\\django\\db\\models\\query.py\", line 999, in _filter_or_exclude_inplace\n    self._query.add_q(Q(*args, **kwargs))\n  File \"C:\\Users\\kgpa\\PycharmProjects\\NewsPaper\\venv\\lib\\site-packages\\django\\db\\models\\sql\\query.py\", line 1375, in add_q\n    clause, _ = self._add_q(q_object, self.used_aliases)\n  File \"C:\\Users\\kgpa\\PycharmProjects\\NewsPaper\\venv\\lib\\site-packages\\django\\db\\models\\sql\\query.py\", line 1396, in _add_q\n    child_clause, needed_inner = self.build_filter(\n  File \"C:\\Users\\kgpa\\PycharmProjects\\NewsPaper\\venv\\lib\\site-packages\\django\\db\\models\\sql\\query.py\", line 1302, in build_filter\n    self.check_related_objects(join_info.final_field, value, join_info.opts)\n  File \"C:\\Users\\kgpa\\PycharmProjects\\NewsPaper\\venv\\lib\\site-packages\\django\\db\\models\\sql\\query.py\", line 1134, in check_related_objects\n    self.check_query_object_type(value, opts, field)\n  File \"C:\\Users\\kgpa\\PycharmProjects\\NewsPaper\\venv\\lib\\site-packages\\django\\db\\models\\sql\\query.py\", line 1115, in check_query_object_type\n    raise ValueError(\n"}}, {"model": "django_apscheduler.djangojobexecution", "pk": 14, "fields": {"job": "my_job", "status": "Error!", "run_time": "2022-02-09T09:30:00Z", "duration": "0.05", "finished": "1644399000.05", "exception": "Cannot query \"CategoryUser object (1)\": Must be \"User\" instance.", "traceback": "  File \"C:\\Users\\kgpa\\PycharmProjects\\NewsPaper\\venv\\lib\\site-packages\\apscheduler\\executors\\base.py\", line 125, in run_job\n    retval = job.func(*job.args, **job.kwargs)\n  File \"C:\\Users\\kgpa\\PycharmProjects\\NewsPaper\\NewsPaper\\news\\management\\commands\\runapscheduler.py\", line 24, in my_job\n    user_cats = CategoryUser.objects.filter(user=user)\n  File \"C:\\Users\\kgpa\\PycharmProjects\\NewsPaper\\venv\\lib\\site-packages\\django\\db\\models\\manager.py\", line 85, in manager_method\n    return getattr(self.get_queryset(), name)(*args, **kwargs)\n  File \"C:\\Users\\kgpa\\PycharmProjects\\NewsPaper\\venv\\lib\\site-packages\\django\\db\\models\\query.py\", line 974, in filter\n    return self._filter_or_exclude(False, args, kwargs)\n  File \"C:\\Users\\kgpa\\PycharmProjects\\NewsPaper\\venv\\lib\\site-packages\\django\\db\\models\\query.py\", line 992, in _filter_or_exclude\n    clone._filter_or_exclude_inplace(negate, args, kwargs)\n  File \"C:\\Users\\kgpa\\PycharmProjects\\NewsPaper\\venv\\lib\\site-packages\\django\\db\\models\\query.py\", line 999, in _filter_or_exclude_inplace\n    self._query.add_q(Q(*args, **kwargs))\n  File \"C:\\Users\\kgpa\\PycharmProjects\\NewsPaper\\venv\\lib\\site-packages\\django\\db\\models\\sql\\query.py\", line 1375, in add_q\n    clause, _ = self._add_q(q_object, self.used_aliases)\n  File \"C:\\Users\\kgpa\\PycharmProjects\\NewsPaper\\venv\\lib\\site-packages\\django\\db\\models\\sql\\query.py\", line 1396, in _add_q\n    child_clause, needed_inner = self.build_filter(\n  File \"C:\\Users\\kgpa\\PycharmProjects\\NewsPaper\\venv\\lib\\site-packages\\django\\db\\models\\sql\\query.py\", line 1302, in build_filter\n    self.check_related_objects(join_info.final_field, value, join_info.opts)\n  File \"C:\\Users\\kgpa\\PycharmProjects\\NewsPaper\\venv\\lib\\site-packages\\django\\db\\models\\sql\\query.py\", line 1134, in check_related_objects\n    self.check_query_object_type(value, opts, field)\n  File \"C:\\Users\\kgpa\\PycharmProjects\\NewsPaper\\venv\\lib\\site-packages\\django\\db\\models\\sql\\query.py\", line 1115, in check_query_object_type\n    raise ValueError(\n"}}, {"model": "django_apscheduler.djangojobexecution", "pk": 15, "fields": {"job": "my_job", "status": "Error!", "run_time": "2022-02-09T09:30:10Z", "duration": "0.05", "finished": "1644399010.05", "exception": "Cannot query \"CategoryUser object (1)\": Must be \"User\" instance.", "traceback": "  File \"C:\\Users\\kgpa\\PycharmProjects\\NewsPaper\\venv\\lib\\site-packages\\apscheduler\\executors\\base.py\", line 125, in run_job\n    retval = job.func(*job.args, **job.kwargs)\n  File \"C:\\Users\\kgpa\\PycharmProjects\\NewsPaper\\NewsPaper\\news\\management\\commands\\runapscheduler.py\", line 24, in my_job\n    user_cats = CategoryUser.objects.filter(user=user)\n  File \"C:\\Users\\kgpa\\PycharmProjects\\NewsPaper\\venv\\lib\\site-packages\\django\\db\\models\\manager.py\", line 85, in manager_method\n    return getattr(self.get_queryset(), name)(*args, **kwargs)\n  File \"C:\\Users\\kgpa\\PycharmProjects\\NewsPaper\\venv\\lib\\site-packages\\django\\db\\models\\query.py\", line 974, in filter\n    return self._filter_or_exclude(False, args, kwargs)\n  File \"C:\\Users\\kgpa\\PycharmProjects\\NewsPaper\\venv\\lib\\site-packages\\django\\db\\models\\query.py\", line 992, in _filter_or_exclude\n    clone._filter_or_exclude_inplace(negate, args, kwargs)\n  File \"C:\\Users\\kgpa\\PycharmProjects\\NewsPaper\\venv\\lib\\site-packages\\django\\db\\models\\query.py\", line 999, in _filter_or_exclude_inplace\n    self._query.add_q(Q(*args, **kwargs))\n  File \"C:\\Users\\kgpa\\PycharmProjects\\NewsPaper\\venv\\lib\\site-packages\\django\\db\\models\\sql\\query.py\", line 1375, in add_q\n    clause, _ = self._add_q(q_object, self.used_aliases)\n  File \"C:\\Users\\kgpa\\PycharmProjects\\NewsPaper\\venv\\lib\\site-packages\\django\\db\\models\\sql\\query.py\", line 1396, in _add_q\n    child_clause, needed_inner = self.build_filter(\n  File \"C:\\Users\\kgpa\\PycharmProjects\\NewsPaper\\venv\\lib\\site-packages\\django\\db\\models\\sql\\query.py\", line 1302, in build_filter\n    self.check_related_objects(join_info.final_field, value, join_info.opts)\n  File \"C:\\Users\\kgpa\\PycharmProjects\\NewsPaper\\venv\\lib\\site-packages\\django\\db\\models\\sql\\query.py\", line 1134, in check_related_objects\n    self.check_query_object_type(value, opts, field)\n  File \"C:\\Users\\kgpa\\PycharmProjects\\NewsPaper\\venv\\lib\\site-packages\\django\\db\\models\\sql\\query.py\", line 1115, in check_query_object_type\n    raise ValueError(\n"}}, {"model": "django_apscheduler.djangojobexecution", "pk": 16, "fields": {"job": "my_job", "status": "Error!", "run_time": "2022-02-09T09:30:20Z", "duration": "0.06", "finished": "1644399020.06", "exception": "Cannot query \"CategoryUser object (1)\": Must be \"User\" instance.", "traceback": "  File \"C:\\Users\\kgpa\\PycharmProjects\\NewsPaper\\venv\\lib\\site-packages\\apscheduler\\executors\\base.py\", line 125, in run_job\n    retval = job.func(*job.args, **job.kwargs)\n  File \"C:\\Users\\kgpa\\PycharmProjects\\NewsPaper\\NewsPaper\\news\\management\\commands\\runapscheduler.py\", line 24, in my_job\n    user_cats = CategoryUser.objects.filter(user=user)\n  File \"C:\\Users\\kgpa\\PycharmProjects\\NewsPaper\\venv\\lib\\site-packages\\django\\db\\models\\manager.py\", line 85, in manager_method\n    return getattr(self.get_queryset(), name)(*args, **kwargs)\n  File \"C:\\Users\\kgpa\\PycharmProjects\\NewsPaper\\venv\\lib\\site-packages\\django\\db\\models\\query.py\", line 974, in filter\n    return self._filter_or_exclude(False, args, kwargs)\n  File \"C:\\Users\\kgpa\\PycharmProjects\\NewsPaper\\venv\\lib\\site-packages\\django\\db\\models\\query.py\", line 992, in _filter_or_exclude\n    clone._filter_or_exclude_inplace(negate, args, kwargs)\n  File \"C:\\Users\\kgpa\\PycharmProjects\\NewsPaper\\venv\\lib\\site-packages\\django\\db\\models\\query.py\", line 999, in _filter_or_exclude_inplace\n    self._query.add_q(Q(*args, **kwargs))\n  File \"C:\\Users\\kgpa\\PycharmProjects\\NewsPaper\\venv\\lib\\site-packages\\django\\db\\models\\sql\\query.py\", line 1375, in add_q\n    clause, _ = self._add_q(q_object, self.used_aliases)\n  File \"C:\\Users\\kgpa\\PycharmProjects\\NewsPaper\\venv\\lib\\site-packages\\django\\db\\models\\sql\\query.py\", line 1396, in _add_q\n    child_clause, needed_inner = self.build_filter(\n  File \"C:\\Users\\kgpa\\PycharmProjects\\NewsPaper\\venv\\lib\\site-packages\\django\\db\\models\\sql\\query.py\", line 1302, in build_filter\n    self.check_related_objects(join_info.final_field, value, join_info.opts)\n  File \"C:\\Users\\kgpa\\PycharmProjects\\NewsPaper\\venv\\lib\\site-packages\\django\\db\\models\\sql\\query.py\", line 1134, in check_related_objects\n    self.check_query_object_type(value, opts, field)\n  File \"C:\\Users\\kgpa\\PycharmProjects\\NewsPaper\\venv\\lib\\site-packages\\django\\db\\models\\sql\\query.py\", line 1115, in check_query_object_type\n    raise ValueError(\n"}}, {"model": "django_apscheduler.djangojobexecution", "pk": 17, "fields": {"job": "my_job", "status": "Error!", "run_time": "2022-02-09T09:30:30Z", "duration": "0.06", "finished": "1644399030.06", "exception": "Cannot query \"CategoryUser object (1)\": Must be \"User\" instance.", "traceback": "  File \"C:\\Users\\kgpa\\PycharmProjects\\NewsPaper\\venv\\lib\\site-packages\\apscheduler\\executors\\base.py\", line 125, in run_job\n    retval = job.func(*job.args, **job.kwargs)\n  File \"C:\\Users\\kgpa\\PycharmProjects\\NewsPaper\\NewsPaper\\news\\management\\commands\\runapscheduler.py\", line 24, in my_job\n    user_cats = CategoryUser.objects.filter(user=user)\n  File \"C:\\Users\\kgpa\\PycharmProjects\\NewsPaper\\venv\\lib\\site-packages\\django\\db\\models\\manager.py\", line 85, in manager_method\n    return getattr(self.get_queryset(), name)(*args, **kwargs)\n  File \"C:\\Users\\kgpa\\PycharmProjects\\NewsPaper\\venv\\lib\\site-packages\\django\\db\\models\\query.py\", line 974, in filter\n    return self._filter_or_exclude(False, args, kwargs)\n  File \"C:\\Users\\kgpa\\PycharmProjects\\NewsPaper\\venv\\lib\\site-packages\\django\\db\\models\\query.py\", line 992, in _filter_or_exclude\n    clone._filter_or_exclude_inplace(negate, args, kwargs)\n  File \"C:\\Users\\kgpa\\PycharmProjects\\NewsPaper\\venv\\lib\\site-packages\\django\\db\\models\\query.py\", line 999, in _filter_or_exclude_inplace\n    self._query.add_q(Q(*args, **kwargs))\n  File \"C:\\Users\\kgpa\\PycharmProjects\\NewsPaper\\venv\\lib\\site-packages\\django\\db\\models\\sql\\query.py\", line 1375, in add_q\n    clause, _ = self._add_q(q_object, self.used_aliases)\n  File \"C:\\Users\\kgpa\\PycharmProjects\\NewsPaper\\venv\\lib\\site-packages\\django\\db\\models\\sql\\query.py\", line 1396, in _add_q\n    child_clause, needed_inner = self.build_filter(\n  File \"C:\\Users\\kgpa\\PycharmProjects\\NewsPaper\\venv\\lib\\site-packages\\django\\db\\models\\sql\\query.py\", line 1302, in build_filter\n    self.check_related_objects(join_info.final_field, value, join_info.opts)\n  File \"C:\\Users\\kgpa\\PycharmProjects\\NewsPaper\\venv\\lib\\site-packages\\django\\db\\models\\sql\\query.py\", line 1134, in check_related_objects\n    self.check_query_object_type(value, opts, field)\n  File \"C:\\Users\\kgpa\\PycharmProjects\\NewsPaper\\venv\\lib\\site-packages\\django\\db\\models\\sql\\query.py\", line 1115, in check_query_object_type\n    raise ValueError(\n"}}, {"model": "django_apscheduler.djangojobexecution", "pk": 18, "fields": {"job": "my_job", "status": "Error!", "run_time": "2022-02-09T09:30:40Z", "duration": "0.04", "finished": "1644399040.04", "exception": "Cannot query \"CategoryUser object (1)\": Must be \"User\" instance.", "traceback": "  File \"C:\\Users\\kgpa\\PycharmProjects\\NewsPaper\\venv\\lib\\site-packages\\apscheduler\\executors\\base.py\", line 125, in run_job\n    retval = job.func(*job.args, **job.kwargs)\n  File \"C:\\Users\\kgpa\\PycharmProjects\\NewsPaper\\NewsPaper\\news\\management\\commands\\runapscheduler.py\", line 24, in my_job\n    user_cats = CategoryUser.objects.filter(user=user)\n  File \"C:\\Users\\kgpa\\PycharmProjects\\NewsPaper\\venv\\lib\\site-packages\\django\\db\\models\\manager.py\", line 85, in manager_method\n    return getattr(self.get_queryset(), name)(*args, **kwargs)\n  File \"C:\\Users\\kgpa\\PycharmProjects\\NewsPaper\\venv\\lib\\site-packages\\django\\db\\models\\query.py\", line 974, in filter\n    return self._filter_or_exclude(False, args, kwargs)\n  File \"C:\\Users\\kgpa\\PycharmProjects\\NewsPaper\\venv\\lib\\site-packages\\django\\db\\models\\query.py\", line 992, in _filter_or_exclude\n    clone._filter_or_exclude_inplace(negate, args, kwargs)\n  File \"C:\\Users\\kgpa\\PycharmProjects\\NewsPaper\\venv\\lib\\site-packages\\django\\db\\models\\query.py\", line 999, in _filter_or_exclude_inplace\n    self._query.add_q(Q(*args, **kwargs))\n  File \"C:\\Users\\kgpa\\PycharmProjects\\NewsPaper\\venv\\lib\\site-packages\\django\\db\\models\\sql\\query.py\", line 1375, in add_q\n    clause, _ = self._add_q(q_object, self.used_aliases)\n  File \"C:\\Users\\kgpa\\PycharmProjects\\NewsPaper\\venv\\lib\\site-packages\\django\\db\\models\\sql\\query.py\", line 1396, in _add_q\n    child_clause, needed_inner = self.build_filter(\n  File \"C:\\Users\\kgpa\\PycharmProjects\\NewsPaper\\venv\\lib\\site-packages\\django\\db\\models\\sql\\query.py\", line 1302, in build_filter\n    self.check_related_objects(join_info.final_field, value, join_info.opts)\n  File \"C:\\Users\\kgpa\\PycharmProjects\\NewsPaper\\venv\\lib\\site-packages\\django\\db\\models\\sql\\query.py\", line 1134, in check_related_objects\n    self.check_query_object_type(value, opts, field)\n  File \"C:\\Users\\kgpa\\PycharmProjects\\NewsPaper\\venv\\lib\\site-packages\\django\\db\\models\\sql\\query.py\", line 1115, in check_query_object_type\n    raise ValueError(\n"}}, {"model": "django_apscheduler.djangojobexecution", "pk": 19, "fields": {"job": "my_job", "status": "Error!", "run_time": "2022-02-09T09:30:50Z", "duration": "0.05", "finished": "1644399050.05", "exception": "Cannot query \"CategoryUser object (1)\": Must be \"User\" instance.", "traceback": "  File \"C:\\Users\\kgpa\\PycharmProjects\\NewsPaper\\venv\\lib\\site-packages\\apscheduler\\executors\\base.py\", line 125, in run_job\n    retval = job.func(*job.args, **job.kwargs)\n  File \"C:\\Users\\kgpa\\PycharmProjects\\NewsPaper\\NewsPaper\\news\\management\\commands\\runapscheduler.py\", line 24, in my_job\n    user_cats = CategoryUser.objects.filter(user=user)\n  File \"C:\\Users\\kgpa\\PycharmProjects\\NewsPaper\\venv\\lib\\site-packages\\django\\db\\models\\manager.py\", line 85, in manager_method\n    return getattr(self.get_queryset(), name)(*args, **kwargs)\n  File \"C:\\Users\\kgpa\\PycharmProjects\\NewsPaper\\venv\\lib\\site-packages\\django\\db\\models\\query.py\", line 974, in filter\n    return self._filter_or_exclude(False, args, kwargs)\n  File \"C:\\Users\\kgpa\\PycharmProjects\\NewsPaper\\venv\\lib\\site-packages\\django\\db\\models\\query.py\", line 992, in _filter_or_exclude\n    clone._filter_or_exclude_inplace(negate, args, kwargs)\n  File \"C:\\Users\\kgpa\\PycharmProjects\\NewsPaper\\venv\\lib\\site-packages\\django\\db\\models\\query.py\", line 999, in _filter_or_exclude_inplace\n    self._query.add_q(Q(*args, **kwargs))\n  File \"C:\\Users\\kgpa\\PycharmProjects\\NewsPaper\\venv\\lib\\site-packages\\django\\db\\models\\sql\\query.py\", line 1375, in add_q\n    clause, _ = self._add_q(q_object, self.used_aliases)\n  File \"C:\\Users\\kgpa\\PycharmProjects\\NewsPaper\\venv\\lib\\site-packages\\django\\db\\models\\sql\\query.py\", line 1396, in _add_q\n    child_clause, needed_inner = self.build_filter(\n  File \"C:\\Users\\kgpa\\PycharmProjects\\NewsPaper\\venv\\lib\\site-packages\\django\\db\\models\\sql\\query.py\", line 1302, in build_filter\n    self.check_related_objects(join_info.final_field, value, join_info.opts)\n  File \"C:\\Users\\kgpa\\PycharmProjects\\NewsPaper\\venv\\lib\\site-packages\\django\\db\\models\\sql\\query.py\", line 1134, in check_related_objects\n    self.check_query_object_type(value, opts, field)\n  File \"C:\\Users\\kgpa\\PycharmProjects\\NewsPaper\\venv\\lib\\site-packages\\django\\db\\models\\sql\\query.py\", line 1115, in check_query_object_type\n    raise ValueError(\n"}}, {"model": "django_apscheduler.djangojobexecution", "pk": 20, "fields": {"job": "my_job", "status": "Error!", "run_time": "2022-02-09T09:31:00Z", "duration": "0.06", "finished": "1644399060.06", "exception": "Cannot query \"CategoryUser object (1)\": Must be \"User\" instance.", "traceback": "  File \"C:\\Users\\kgpa\\PycharmProjects\\NewsPaper\\venv\\lib\\site-packages\\apscheduler\\executors\\base.py\", line 125, in run_job\n    retval = job.func(*job.args, **job.kwargs)\n  File \"C:\\Users\\kgpa\\PycharmProjects\\NewsPaper\\NewsPaper\\news\\management\\commands\\runapscheduler.py\", line 24, in my_job\n    user_cats = CategoryUser.objects.filter(user=user)\n  File \"C:\\Users\\kgpa\\PycharmProjects\\NewsPaper\\venv\\lib\\site-packages\\django\\db\\models\\manager.py\", line 85, in manager_method\n    return getattr(self.get_queryset(), name)(*args, **kwargs)\n  File \"C:\\Users\\kgpa\\PycharmProjects\\NewsPaper\\venv\\lib\\site-packages\\django\\db\\models\\query.py\", line 974, in filter\n    return self._filter_or_exclude(False, args, kwargs)\n  File \"C:\\Users\\kgpa\\PycharmProjects\\NewsPaper\\venv\\lib\\site-packages\\django\\db\\models\\query.py\", line 992, in _filter_or_exclude\n    clone._filter_or_exclude_inplace(negate, args, kwargs)\n  File \"C:\\Users\\kgpa\\PycharmProjects\\NewsPaper\\venv\\lib\\site-packages\\django\\db\\models\\query.py\", line 999, in _filter_or_exclude_inplace\n    self._query.add_q(Q(*args, **kwargs))\n  File \"C:\\Users\\kgpa\\PycharmProjects\\NewsPaper\\venv\\lib\\site-packages\\django\\db\\models\\sql\\query.py\", line 1375, in add_q\n    clause, _ = self._add_q(q_object, self.used_aliases)\n  File \"C:\\Users\\kgpa\\PycharmProjects\\NewsPaper\\venv\\lib\\site-packages\\django\\db\\models\\sql\\query.py\", line 1396, in _add_q\n    child_clause, needed_inner = self.build_filter(\n  File \"C:\\Users\\kgpa\\PycharmProjects\\NewsPaper\\venv\\lib\\site-packages\\django\\db\\models\\sql\\query.py\", line 1302, in build_filter\n    self.check_related_objects(join_info.final_field, value, join_info.opts)\n  File \"C:\\Users\\kgpa\\PycharmProjects\\NewsPaper\\venv\\lib\\site-packages\\django\\db\\models\\sql\\query.py\", line 1134, in check_related_objects\n    self.check_query_object_type(value, opts, field)\n  File \"C:\\Users\\kgpa\\PycharmProjects\\NewsPaper\\venv\\lib\\site-packages\\django\\db\\models\\sql\\query.py\", line 1115, in check_query_object_type\n    raise ValueError(\n"}}, {"model": "django_apscheduler.djangojobexecution", "pk": 21, "fields": {"job": "my_job", "status": "Error!", "run_time": "2022-02-09T09:31:10Z", "duration": "0.05", "finished": "1644399070.05", "exception": "Cannot query \"CategoryUser object (1)\": Must be \"User\" instance.", "traceback": "  File \"C:\\Users\\kgpa\\PycharmProjects\\NewsPaper\\venv\\lib\\site-packages\\apscheduler\\executors\\base.py\", line 125, in run_job\n    retval = job.func(*job.args, **job.kwargs)\n  File \"C:\\Users\\kgpa\\PycharmProjects\\NewsPaper\\NewsPaper\\news\\management\\commands\\runapscheduler.py\", line 24, in my_job\n    user_cats = CategoryUser.objects.filter(user=user)\n  File \"C:\\Users\\kgpa\\PycharmProjects\\NewsPaper\\venv\\lib\\site-packages\\django\\db\\models\\manager.py\", line 85, in manager_method\n    return getattr(self.get_queryset(), name)(*args, **kwargs)\n  File \"C:\\Users\\kgpa\\PycharmProjects\\NewsPaper\\venv\\lib\\site-packages\\django\\db\\models\\query.py\", line 974, in filter\n    return self._filter_or_exclude(False, args, kwargs)\n  File \"C:\\Users\\kgpa\\PycharmProjects\\NewsPaper\\venv\\lib\\site-packages\\django\\db\\models\\query.py\", line 992, in _filter_or_exclude\n    clone._filter_or_exclude_inplace(negate, args, kwargs)\n  File \"C:\\Users\\kgpa\\PycharmProjects\\NewsPaper\\venv\\lib\\site-packages\\django\\db\\models\\query.py\", line 999, in _filter_or_exclude_inplace\n    self._query.add_q(Q(*args, **kwargs))\n  File \"C:\\Users\\kgpa\\PycharmProjects\\NewsPaper\\venv\\lib\\site-packages\\django\\db\\models\\sql\\query.py\", line 1375, in add_q\n    clause, _ = self._add_q(q_object, self.used_aliases)\n  File \"C:\\Users\\kgpa\\PycharmProjects\\NewsPaper\\venv\\lib\\site-packages\\django\\db\\models\\sql\\query.py\", line 1396, in _add_q\n    child_clause, needed_inner = self.build_filter(\n  File \"C:\\Users\\kgpa\\PycharmProjects\\NewsPaper\\venv\\lib\\site-packages\\django\\db\\models\\sql\\query.py\", line 1302, in build_filter\n    self.check_related_objects(join_info.final_field, value, join_info.opts)\n  File \"C:\\Users\\kgpa\\PycharmProjects\\NewsPaper\\venv\\lib\\site-packages\\django\\db\\models\\sql\\query.py\", line 1134, in check_related_objects\n    self.check_query_object_type(value, opts, field)\n  File \"C:\\Users\\kgpa\\PycharmProjects\\NewsPaper\\venv\\lib\\site-packages\\django\\db\\models\\sql\\query.py\", line 1115, in check_query_object_type\n    raise ValueError(\n"}}, {"model": "django_apscheduler.djangojobexecution", "pk": 22, "fields": {"job": "my_job", "status": "Error!", "run_time": "2022-02-09T09:31:20Z", "duration": "0.07", "finished": "1644399080.07", "exception": "Cannot query \"CategoryUser object (1)\": Must be \"User\" instance.", "traceback": "  File \"C:\\Users\\kgpa\\PycharmProjects\\NewsPaper\\venv\\lib\\site-packages\\apscheduler\\executors\\base.py\", line 125, in run_job\n    retval = job.func(*job.args, **job.kwargs)\n  File \"C:\\Users\\kgpa\\PycharmProjects\\NewsPaper\\NewsPaper\\news\\management\\commands\\runapscheduler.py\", line 24, in my_job\n    user_cats = CategoryUser.objects.filter(user=user)\n  File \"C:\\Users\\kgpa\\PycharmProjects\\NewsPaper\\venv\\lib\\site-packages\\django\\db\\models\\manager.py\", line 85, in manager_method\n    return getattr(self.get_queryset(), name)(*args, **kwargs)\n  File \"C:\\Users\\kgpa\\PycharmProjects\\NewsPaper\\venv\\lib\\site-packages\\django\\db\\models\\query.py\", line 974, in filter\n    return self._filter_or_exclude(False, args, kwargs)\n  File \"C:\\Users\\kgpa\\PycharmProjects\\NewsPaper\\venv\\lib\\site-packages\\django\\db\\models\\query.py\", line 992, in _filter_or_exclude\n    clone._filter_or_exclude_inplace(negate, args, kwargs)\n  File \"C:\\Users\\kgpa\\PycharmProjects\\NewsPaper\\venv\\lib\\site-packages\\django\\db\\models\\query.py\", line 999, in _filter_or_exclude_inplace\n    self._query.add_q(Q(*args, **kwargs))\n  File \"C:\\Users\\kgpa\\PycharmProjects\\NewsPaper\\venv\\lib\\site-packages\\django\\db\\models\\sql\\query.py\", line 1375, in add_q\n    clause, _ = self._add_q(q_object, self.used_aliases)\n  File \"C:\\Users\\kgpa\\PycharmProjects\\NewsPaper\\venv\\lib\\site-packages\\django\\db\\models\\sql\\query.py\", line 1396, in _add_q\n    child_clause, needed_inner = self.build_filter(\n  File \"C:\\Users\\kgpa\\PycharmProjects\\NewsPaper\\venv\\lib\\site-packages\\django\\db\\models\\sql\\query.py\", line 1302, in build_filter\n    self.check_related_objects(join_info.final_field, value, join_info.opts)\n  File \"C:\\Users\\kgpa\\PycharmProjects\\NewsPaper\\venv\\lib\\site-packages\\django\\db\\models\\sql\\query.py\", line 1134, in check_related_objects\n    self.check_query_object_type(value, opts, field)\n  File \"C:\\Users\\kgpa\\PycharmProjects\\NewsPaper\\venv\\lib\\site-packages\\django\\db\\models\\sql\\query.py\", line 1115, in check_query_object_type\n    raise ValueError(\n"}}, {"model": "django_apscheduler.djangojobexecution", "pk": 23, "fields": {"job": "my_job", "status": "Error!", "run_time": "2022-02-09T09:31:30Z", "duration": "0.05", "finished": "1644399090.05", "exception": "Cannot query \"CategoryUser object (1)\": Must be \"User\" instance.", "traceback": "  File \"C:\\Users\\kgpa\\PycharmProjects\\NewsPaper\\venv\\lib\\site-packages\\apscheduler\\executors\\base.py\", line 125, in run_job\n    retval = job.func(*job.args, **job.kwargs)\n  File \"C:\\Users\\kgpa\\PycharmProjects\\NewsPaper\\NewsPaper\\news\\management\\commands\\runapscheduler.py\", line 24, in my_job\n    user_cats = CategoryUser.objects.filter(user=user)\n  File \"C:\\Users\\kgpa\\PycharmProjects\\NewsPaper\\venv\\lib\\site-packages\\django\\db\\models\\manager.py\", line 85, in manager_method\n    return getattr(self.get_queryset(), name)(*args, **kwargs)\n  File \"C:\\Users\\kgpa\\PycharmProjects\\NewsPaper\\venv\\lib\\site-packages\\django\\db\\models\\query.py\", line 974, in filter\n    return self._filter_or_exclude(False, args, kwargs)\n  File \"C:\\Users\\kgpa\\PycharmProjects\\NewsPaper\\venv\\lib\\site-packages\\django\\db\\models\\query.py\", line 992, in _filter_or_exclude\n    clone._filter_or_exclude_inplace(negate, args, kwargs)\n  File \"C:\\Users\\kgpa\\PycharmProjects\\NewsPaper\\venv\\lib\\site-packages\\django\\db\\models\\query.py\", line 999, in _filter_or_exclude_inplace\n    self._query.add_q(Q(*args, **kwargs))\n  File \"C:\\Users\\kgpa\\PycharmProjects\\NewsPaper\\venv\\lib\\site-packages\\django\\db\\models\\sql\\query.py\", line 1375, in add_q\n    clause, _ = self._add_q(q_object, self.used_aliases)\n  File \"C:\\Users\\kgpa\\PycharmProjects\\NewsPaper\\venv\\lib\\site-packages\\django\\db\\models\\sql\\query.py\", line 1396, in _add_q\n    child_clause, needed_inner = self.build_filter(\n  File \"C:\\Users\\kgpa\\PycharmProjects\\NewsPaper\\venv\\lib\\site-packages\\django\\db\\models\\sql\\query.py\", line 1302, in build_filter\n    self.check_related_objects(join_info.final_field, value, join_info.opts)\n  File \"C:\\Users\\kgpa\\PycharmProjects\\NewsPaper\\venv\\lib\\site-packages\\django\\db\\models\\sql\\query.py\", line 1134, in check_related_objects\n    self.check_query_object_type(value, opts, field)\n  File \"C:\\Users\\kgpa\\PycharmProjects\\NewsPaper\\venv\\lib\\site-packages\\django\\db\\models\\sql\\query.py\", line 1115, in check_query_object_type\n    raise ValueError(\n"}}, {"model": "django_apscheduler.djangojobexecution", "pk": 24, "fields": {"job": "my_job", "status": "Error!", "run_time": "2022-02-09T09:31:40Z", "duration": "0.04", "finished": "1644399100.04", "exception": "Cannot query \"CategoryUser object (1)\": Must be \"User\" instance.", "traceback": "  File \"C:\\Users\\kgpa\\PycharmProjects\\NewsPaper\\venv\\lib\\site-packages\\apscheduler\\executors\\base.py\", line 125, in run_job\n    retval = job.func(*job.args, **job.kwargs)\n  File \"C:\\Users\\kgpa\\PycharmProjects\\NewsPaper\\NewsPaper\\news\\management\\commands\\runapscheduler.py\", line 24, in my_job\n    user_cats = CategoryUser.objects.filter(user=user)\n  File \"C:\\Users\\kgpa\\PycharmProjects\\NewsPaper\\venv\\lib\\site-packages\\django\\db\\models\\manager.py\", line 85, in manager_method\n    return getattr(self.get_queryset(), name)(*args, **kwargs)\n  File \"C:\\Users\\kgpa\\PycharmProjects\\NewsPaper\\venv\\lib\\site-packages\\django\\db\\models\\query.py\", line 974, in filter\n    return self._filter_or_exclude(False, args, kwargs)\n  File \"C:\\Users\\kgpa\\PycharmProjects\\NewsPaper\\venv\\lib\\site-packages\\django\\db\\models\\query.py\", line 992, in _filter_or_exclude\n    clone._filter_or_exclude_inplace(negate, args, kwargs)\n  File \"C:\\Users\\kgpa\\PycharmProjects\\NewsPaper\\venv\\lib\\site-packages\\django\\db\\models\\query.py\", line 999, in _filter_or_exclude_inplace\n    self._query.add_q(Q(*args, **kwargs))\n  File \"C:\\Users\\kgpa\\PycharmProjects\\NewsPaper\\venv\\lib\\site-packages\\django\\db\\models\\sql\\query.py\", line 1375, in add_q\n    clause, _ = self._add_q(q_object, self.used_aliases)\n  File \"C:\\Users\\kgpa\\PycharmProjects\\NewsPaper\\venv\\lib\\site-packages\\django\\db\\models\\sql\\query.py\", line 1396, in _add_q\n    child_clause, needed_inner = self.build_filter(\n  File \"C:\\Users\\kgpa\\PycharmProjects\\NewsPaper\\venv\\lib\\site-packages\\django\\db\\models\\sql\\query.py\", line 1302, in build_filter\n    self.check_related_objects(join_info.final_field, value, join_info.opts)\n  File \"C:\\Users\\kgpa\\PycharmProjects\\NewsPaper\\venv\\lib\\site-packages\\django\\db\\models\\sql\\query.py\", line 1134, in check_related_objects\n    self.check_query_object_type(value, opts, field)\n  File \"C:\\Users\\kgpa\\PycharmProjects\\NewsPaper\\venv\\lib\\site-packages\\django\\db\\models\\sql\\query.py\", line 1115, in check_query_object_type\n    raise ValueError(\n"}}, {"model": "django_apscheduler.djangojobexecution", "pk": 25, "fields": {"job": "my_job", "status": "Error!", "run_time": "2022-02-09T09:31:50Z", "duration": "0.05", "finished": "1644399110.05", "exception": "Cannot query \"CategoryUser object (1)\": Must be \"User\" instance.", "traceback": "  File \"C:\\Users\\kgpa\\PycharmProjects\\NewsPaper\\venv\\lib\\site-packages\\apscheduler\\executors\\base.py\", line 125, in run_job\n    retval = job.func(*job.args, **job.kwargs)\n  File \"C:\\Users\\kgpa\\PycharmProjects\\NewsPaper\\NewsPaper\\news\\management\\commands\\runapscheduler.py\", line 24, in my_job\n    user_cats = CategoryUser.objects.filter(user=user)\n  File \"C:\\Users\\kgpa\\PycharmProjects\\NewsPaper\\venv\\lib\\site-packages\\django\\db\\models\\manager.py\", line 85, in manager_method\n    return getattr(self.get_queryset(), name)(*args, **kwargs)\n  File \"C:\\Users\\kgpa\\PycharmProjects\\NewsPaper\\venv\\lib\\site-packages\\django\\db\\models\\query.py\", line 974, in filter\n    return self._filter_or_exclude(False, args, kwargs)\n  File \"C:\\Users\\kgpa\\PycharmProjects\\NewsPaper\\venv\\lib\\site-packages\\django\\db\\models\\query.py\", line 992, in _filter_or_exclude\n    clone._filter_or_exclude_inplace(negate, args, kwargs)\n  File \"C:\\Users\\kgpa\\PycharmProjects\\NewsPaper\\venv\\lib\\site-packages\\django\\db\\models\\query.py\", line 999, in _filter_or_exclude_inplace\n    self._query.add_q(Q(*args, **kwargs))\n  File \"C:\\Users\\kgpa\\PycharmProjects\\NewsPaper\\venv\\lib\\site-packages\\django\\db\\models\\sql\\query.py\", line 1375, in add_q\n    clause, _ = self._add_q(q_object, self.used_aliases)\n  File \"C:\\Users\\kgpa\\PycharmProjects\\NewsPaper\\venv\\lib\\site-packages\\django\\db\\models\\sql\\query.py\", line 1396, in _add_q\n    child_clause, needed_inner = self.build_filter(\n  File \"C:\\Users\\kgpa\\PycharmProjects\\NewsPaper\\venv\\lib\\site-packages\\django\\db\\models\\sql\\query.py\", line 1302, in build_filter\n    self.check_related_objects(join_info.final_field, value, join_info.opts)\n  File \"C:\\Users\\kgpa\\PycharmProjects\\NewsPaper\\venv\\lib\\site-packages\\django\\db\\models\\sql\\query.py\", line 1134, in check_related_objects\n    self.check_query_object_type(value, opts, field)\n  File \"C:\\Users\\kgpa\\PycharmProjects\\NewsPaper\\venv\\lib\\site-packages\\django\\db\\models\\sql\\query.py\", line 1115, in check_query_object_type\n    raise ValueError(\n"}}, {"model": "django_apscheduler.djangojobexecution", "pk": 26, "fields": {"job": "my_job", "status": "Error!", "run_time": "2022-02-09T09:32:00Z", "duration": "0.06", "finished": "1644399120.06", "exception": "Cannot query \"CategoryUser object (1)\": Must be \"User\" instance.", "traceback": "  File \"C:\\Users\\kgpa\\PycharmProjects\\NewsPaper\\venv\\lib\\site-packages\\apscheduler\\executors\\base.py\", line 125, in run_job\n    retval = job.func(*job.args, **job.kwargs)\n  File \"C:\\Users\\kgpa\\PycharmProjects\\NewsPaper\\NewsPaper\\news\\management\\commands\\runapscheduler.py\", line 24, in my_job\n    user_cats = CategoryUser.objects.filter(user=user)\n  File \"C:\\Users\\kgpa\\PycharmProjects\\NewsPaper\\venv\\lib\\site-packages\\django\\db\\models\\manager.py\", line 85, in manager_method\n    return getattr(self.get_queryset(), name)(*args, **kwargs)\n  File \"C:\\Users\\kgpa\\PycharmProjects\\NewsPaper\\venv\\lib\\site-packages\\django\\db\\models\\query.py\", line 974, in filter\n    return self._filter_or_exclude(False, args, kwargs)\n  File \"C:\\Users\\kgpa\\PycharmProjects\\NewsPaper\\venv\\lib\\site-packages\\django\\db\\models\\query.py\", line 992, in _filter_or_exclude\n    clone._filter_or_exclude_inplace(negate, args, kwargs)\n  File \"C:\\Users\\kgpa\\PycharmProjects\\NewsPaper\\venv\\lib\\site-packages\\django\\db\\models\\query.py\", line 999, in _filter_or_exclude_inplace\n    self._query.add_q(Q(*args, **kwargs))\n  File \"C:\\Users\\kgpa\\PycharmProjects\\NewsPaper\\venv\\lib\\site-packages\\django\\db\\models\\sql\\query.py\", line 1375, in add_q\n    clause, _ = self._add_q(q_object, self.used_aliases)\n  File \"C:\\Users\\kgpa\\PycharmProjects\\NewsPaper\\venv\\lib\\site-packages\\django\\db\\models\\sql\\query.py\", line 1396, in _add_q\n    child_clause, needed_inner = self.build_filter(\n  File \"C:\\Users\\kgpa\\PycharmProjects\\NewsPaper\\venv\\lib\\site-packages\\django\\db\\models\\sql\\query.py\", line 1302, in build_filter\n    self.check_related_objects(join_info.final_field, value, join_info.opts)\n  File \"C:\\Users\\kgpa\\PycharmProjects\\NewsPaper\\venv\\lib\\site-packages\\django\\db\\models\\sql\\query.py\", line 1134, in check_related_objects\n    self.check_query_object_type(value, opts, field)\n  File \"C:\\Users\\kgpa\\PycharmProjects\\NewsPaper\\venv\\lib\\site-packages\\django\\db\\models\\sql\\query.py\", line 1115, in check_query_object_type\n    raise ValueError(\n"}}, {"model": "django_apscheduler.djangojobexecution", "pk": 27, "fields": {"job": "my_job", "status": "Error!", "run_time": "2022-02-09T09:32:10Z", "duration": "0.04", "finished": "1644399130.04", "exception": "Cannot query \"CategoryUser object (1)\": Must be \"User\" instance.", "traceback": "  File \"C:\\Users\\kgpa\\PycharmProjects\\NewsPaper\\venv\\lib\\site-packages\\apscheduler\\executors\\base.py\", line 125, in run_job\n    retval = job.func(*job.args, **job.kwargs)\n  File \"C:\\Users\\kgpa\\PycharmProjects\\NewsPaper\\NewsPaper\\news\\management\\commands\\runapscheduler.py\", line 24, in my_job\n    user_cats = CategoryUser.objects.filter(user=user)\n  File \"C:\\Users\\kgpa\\PycharmProjects\\NewsPaper\\venv\\lib\\site-packages\\django\\db\\models\\manager.py\", line 85, in manager_method\n    return getattr(self.get_queryset(), name)(*args, **kwargs)\n  File \"C:\\Users\\kgpa\\PycharmProjects\\NewsPaper\\venv\\lib\\site-packages\\django\\db\\models\\query.py\", line 974, in filter\n    return self._filter_or_exclude(False, args, kwargs)\n  File \"C:\\Users\\kgpa\\PycharmProjects\\NewsPaper\\venv\\lib\\site-packages\\django\\db\\models\\query.py\", line 992, in _filter_or_exclude\n    clone._filter_or_exclude_inplace(negate, args, kwargs)\n  File \"C:\\Users\\kgpa\\PycharmProjects\\NewsPaper\\venv\\lib\\site-packages\\django\\db\\models\\query.py\", line 999, in _filter_or_exclude_inplace\n    self._query.add_q(Q(*args, **kwargs))\n  File \"C:\\Users\\kgpa\\PycharmProjects\\NewsPaper\\venv\\lib\\site-packages\\django\\db\\models\\sql\\query.py\", line 1375, in add_q\n    clause, _ = self._add_q(q_object, self.used_aliases)\n  File \"C:\\Users\\kgpa\\PycharmProjects\\NewsPaper\\venv\\lib\\site-packages\\django\\db\\models\\sql\\query.py\", line 1396, in _add_q\n    child_clause, needed_inner = self.build_filter(\n  File \"C:\\Users\\kgpa\\PycharmProjects\\NewsPaper\\venv\\lib\\site-packages\\django\\db\\models\\sql\\query.py\", line 1302, in build_filter\n    self.check_related_objects(join_info.final_field, value, join_info.opts)\n  File \"C:\\Users\\kgpa\\PycharmProjects\\NewsPaper\\venv\\lib\\site-packages\\django\\db\\models\\sql\\query.py\", line 1134, in check_related_objects\n    self.check_query_object_type(value, opts, field)\n  File \"C:\\Users\\kgpa\\PycharmProjects\\NewsPaper\\venv\\lib\\site-packages\\django\\db\\models\\sql\\query.py\", line 1115, in check_query_object_type\n    raise ValueError(\n"}}, {"model": "django_apscheduler.djangojobexecution", "pk": 28, "fields": {"job": "my_job", "status": "Error!", "run_time": "2022-02-09T09:32:20Z", "duration": "0.03", "finished": "1644399140.03", "exception": "Cannot query \"CategoryUser object (1)\": Must be \"User\" instance.", "traceback": "  File \"C:\\Users\\kgpa\\PycharmProjects\\NewsPaper\\venv\\lib\\site-packages\\apscheduler\\executors\\base.py\", line 125, in run_job\n    retval = job.func(*job.args, **job.kwargs)\n  File \"C:\\Users\\kgpa\\PycharmProjects\\NewsPaper\\NewsPaper\\news\\management\\commands\\runapscheduler.py\", line 24, in my_job\n    user_cats = CategoryUser.objects.filter(user=user)\n  File \"C:\\Users\\kgpa\\PycharmProjects\\NewsPaper\\venv\\lib\\site-packages\\django\\db\\models\\manager.py\", line 85, in manager_method\n    return getattr(self.get_queryset(), name)(*args, **kwargs)\n  File \"C:\\Users\\kgpa\\PycharmProjects\\NewsPaper\\venv\\lib\\site-packages\\django\\db\\models\\query.py\", line 974, in filter\n    return self._filter_or_exclude(False, args, kwargs)\n  File \"C:\\Users\\kgpa\\PycharmProjects\\NewsPaper\\venv\\lib\\site-packages\\django\\db\\models\\query.py\", line 992, in _filter_or_exclude\n    clone._filter_or_exclude_inplace(negate, args, kwargs)\n  File \"C:\\Users\\kgpa\\PycharmProjects\\NewsPaper\\venv\\lib\\site-packages\\django\\db\\models\\query.py\", line 999, in _filter_or_exclude_inplace\n    self._query.add_q(Q(*args, **kwargs))\n  File \"C:\\Users\\kgpa\\PycharmProjects\\NewsPaper\\venv\\lib\\site-packages\\django\\db\\models\\sql\\query.py\", line 1375, in add_q\n    clause, _ = self._add_q(q_object, self.used_aliases)\n  File \"C:\\Users\\kgpa\\PycharmProjects\\NewsPaper\\venv\\lib\\site-packages\\django\\db\\models\\sql\\query.py\", line 1396, in _add_q\n    child_clause, needed_inner = self.build_filter(\n  File \"C:\\Users\\kgpa\\PycharmProjects\\NewsPaper\\venv\\lib\\site-packages\\django\\db\\models\\sql\\query.py\", line 1302, in build_filter\n    self.check_related_objects(join_info.final_field, value, join_info.opts)\n  File \"C:\\Users\\kgpa\\PycharmProjects\\NewsPaper\\venv\\lib\\site-packages\\django\\db\\models\\sql\\query.py\", line 1134, in check_related_objects\n    self.check_query_object_type(value, opts, field)\n  File \"C:\\Users\\kgpa\\PycharmProjects\\NewsPaper\\venv\\lib\\site-packages\\django\\db\\models\\sql\\query.py\", line 1115, in check_query_object_type\n    raise ValueError(\n"}}, {"model": "django_apscheduler.djangojobexecution", "pk": 29, "fields": {"job": "my_job", "status": "Error!", "run_time": "2022-02-09T09:32:30Z", "duration": "0.05", "finished": "1644399150.05", "exception": "Cannot query \"CategoryUser object (1)\": Must be \"User\" instance.", "traceback": "  File \"C:\\Users\\kgpa\\PycharmProjects\\NewsPaper\\venv\\lib\\site-packages\\apscheduler\\executors\\base.py\", line 125, in run_job\n    retval = job.func(*job.args, **job.kwargs)\n  File \"C:\\Users\\kgpa\\PycharmProjects\\NewsPaper\\NewsPaper\\news\\management\\commands\\runapscheduler.py\", line 24, in my_job\n    user_cats = CategoryUser.objects.filter(user=user)\n  File \"C:\\Users\\kgpa\\PycharmProjects\\NewsPaper\\venv\\lib\\site-packages\\django\\db\\models\\manager.py\", line 85, in manager_method\n    return getattr(self.get_queryset(), name)(*args, **kwargs)\n  File \"C:\\Users\\kgpa\\PycharmProjects\\NewsPaper\\venv\\lib\\site-packages\\django\\db\\models\\query.py\", line 974, in filter\n    return self._filter_or_exclude(False, args, kwargs)\n  File \"C:\\Users\\kgpa\\PycharmProjects\\NewsPaper\\venv\\lib\\site-packages\\django\\db\\models\\query.py\", line 992, in _filter_or_exclude\n    clone._filter_or_exclude_inplace(negate, args, kwargs)\n  File \"C:\\Users\\kgpa\\PycharmProjects\\NewsPaper\\venv\\lib\\site-packages\\django\\db\\models\\query.py\", line 999, in _filter_or_exclude_inplace\n    self._query.add_q(Q(*args, **kwargs))\n  File \"C:\\Users\\kgpa\\PycharmProjects\\NewsPaper\\venv\\lib\\site-packages\\django\\db\\models\\sql\\query.py\", line 1375, in add_q\n    clause, _ = self._add_q(q_object, self.used_aliases)\n  File \"C:\\Users\\kgpa\\PycharmProjects\\NewsPaper\\venv\\lib\\site-packages\\django\\db\\models\\sql\\query.py\", line 1396, in _add_q\n    child_clause, needed_inner = self.build_filter(\n  File \"C:\\Users\\kgpa\\PycharmProjects\\NewsPaper\\venv\\lib\\site-packages\\django\\db\\models\\sql\\query.py\", line 1302, in build_filter\n    self.check_related_objects(join_info.final_field, value, join_info.opts)\n  File \"C:\\Users\\kgpa\\PycharmProjects\\NewsPaper\\venv\\lib\\site-packages\\django\\db\\models\\sql\\query.py\", line 1134, in check_related_objects\n    self.check_query_object_type(value, opts, field)\n  File \"C:\\Users\\kgpa\\PycharmProjects\\NewsPaper\\venv\\lib\\site-packages\\django\\db\\models\\sql\\query.py\", line 1115, in check_query_object_type\n    raise ValueError(\n"}}, {"model": "django_apscheduler.djangojobexecution", "pk": 30, "fields": {"job": "my_job", "status": "Error!", "run_time": "2022-02-09T09:32:40Z", "duration": "0.05", "finished": "1644399160.05", "exception": "Cannot query \"CategoryUser object (1)\": Must be \"User\" instance.", "traceback": "  File \"C:\\Users\\kgpa\\PycharmProjects\\NewsPaper\\venv\\lib\\site-packages\\apscheduler\\executors\\base.py\", line 125, in run_job\n    retval = job.func(*job.args, **job.kwargs)\n  File \"C:\\Users\\kgpa\\PycharmProjects\\NewsPaper\\NewsPaper\\news\\management\\commands\\runapscheduler.py\", line 24, in my_job\n    user_cats = CategoryUser.objects.filter(user=user)\n  File \"C:\\Users\\kgpa\\PycharmProjects\\NewsPaper\\venv\\lib\\site-packages\\django\\db\\models\\manager.py\", line 85, in manager_method\n    return getattr(self.get_queryset(), name)(*args, **kwargs)\n  File \"C:\\Users\\kgpa\\PycharmProjects\\NewsPaper\\venv\\lib\\site-packages\\django\\db\\models\\query.py\", line 974, in filter\n    return self._filter_or_exclude(False, args, kwargs)\n  File \"C:\\Users\\kgpa\\PycharmProjects\\NewsPaper\\venv\\lib\\site-packages\\django\\db\\models\\query.py\", line 992, in _filter_or_exclude\n    clone._filter_or_exclude_inplace(negate, args, kwargs)\n  File \"C:\\Users\\kgpa\\PycharmProjects\\NewsPaper\\venv\\lib\\site-packages\\django\\db\\models\\query.py\", line 999, in _filter_or_exclude_inplace\n    self._query.add_q(Q(*args, **kwargs))\n  File \"C:\\Users\\kgpa\\PycharmProjects\\NewsPaper\\venv\\lib\\site-packages\\django\\db\\models\\sql\\query.py\", line 1375, in add_q\n    clause, _ = self._add_q(q_object, self.used_aliases)\n  File \"C:\\Users\\kgpa\\PycharmProjects\\NewsPaper\\venv\\lib\\site-packages\\django\\db\\models\\sql\\query.py\", line 1396, in _add_q\n    child_clause, needed_inner = self.build_filter(\n  File \"C:\\Users\\kgpa\\PycharmProjects\\NewsPaper\\venv\\lib\\site-packages\\django\\db\\models\\sql\\query.py\", line 1302, in build_filter\n    self.check_related_objects(join_info.final_field, value, join_info.opts)\n  File \"C:\\Users\\kgpa\\PycharmProjects\\NewsPaper\\venv\\lib\\site-packages\\django\\db\\models\\sql\\query.py\", line 1134, in check_related_objects\n    self.check_query_object_type(value, opts, field)\n  File \"C:\\Users\\kgpa\\PycharmProjects\\NewsPaper\\venv\\lib\\site-packages\\django\\db\\models\\sql\\query.py\", line 1115, in check_query_object_type\n    raise ValueError(\n"}}, {"model": "django_apscheduler.djangojobexecution", "pk": 31, "fields": {"job": "my_job", "status": "Error!", "run_time": "2022-02-09T09:32:50Z", "duration": "0.05", "finished": "1644399170.05", "exception": "Cannot query \"CategoryUser object (1)\": Must be \"User\" instance.", "traceback": "  File \"C:\\Users\\kgpa\\PycharmProjects\\NewsPaper\\venv\\lib\\site-packages\\apscheduler\\executors\\base.py\", line 125, in run_job\n    retval = job.func(*job.args, **job.kwargs)\n  File \"C:\\Users\\kgpa\\PycharmProjects\\NewsPaper\\NewsPaper\\news\\management\\commands\\runapscheduler.py\", line 24, in my_job\n    user_cats = CategoryUser.objects.filter(user=user)\n  File \"C:\\Users\\kgpa\\PycharmProjects\\NewsPaper\\venv\\lib\\site-packages\\django\\db\\models\\manager.py\", line 85, in manager_method\n    return getattr(self.get_queryset(), name)(*args, **kwargs)\n  File \"C:\\Users\\kgpa\\PycharmProjects\\NewsPaper\\venv\\lib\\site-packages\\django\\db\\models\\query.py\", line 974, in filter\n    return self._filter_or_exclude(False, args, kwargs)\n  File \"C:\\Users\\kgpa\\PycharmProjects\\NewsPaper\\venv\\lib\\site-packages\\django\\db\\models\\query.py\", line 992, in _filter_or_exclude\n    clone._filter_or_exclude_inplace(negate, args, kwargs)\n  File \"C:\\Users\\kgpa\\PycharmProjects\\NewsPaper\\venv\\lib\\site-packages\\django\\db\\models\\query.py\", line 999, in _filter_or_exclude_inplace\n    self._query.add_q(Q(*args, **kwargs))\n  File \"C:\\Users\\kgpa\\PycharmProjects\\NewsPaper\\venv\\lib\\site-packages\\django\\db\\models\\sql\\query.py\", line 1375, in add_q\n    clause, _ = self._add_q(q_object, self.used_aliases)\n  File \"C:\\Users\\kgpa\\PycharmProjects\\NewsPaper\\venv\\lib\\site-packages\\django\\db\\models\\sql\\query.py\", line 1396, in _add_q\n    child_clause, needed_inner = self.build_filter(\n  File \"C:\\Users\\kgpa\\PycharmProjects\\NewsPaper\\venv\\lib\\site-packages\\django\\db\\models\\sql\\query.py\", line 1302, in build_filter\n    self.check_related_objects(join_info.final_field, value, join_info.opts)\n  File \"C:\\Users\\kgpa\\PycharmProjects\\NewsPaper\\venv\\lib\\site-packages\\django\\db\\models\\sql\\query.py\", line 1134, in check_related_objects\n    self.check_query_object_type(value, opts, field)\n  File \"C:\\Users\\kgpa\\PycharmProjects\\NewsPaper\\venv\\lib\\site-packages\\django\\db\\models\\sql\\query.py\", line 1115, in check_query_object_type\n    raise ValueError(\n"}}, {"model": "django_apscheduler.djangojobexecution", "pk": 32, "fields": {"job": "my_job", "status": "Error!", "run_time": "2022-02-09T09:33:00Z", "duration": "0.05", "finished": "1644399180.05", "exception": "Cannot query \"CategoryUser object (1)\": Must be \"User\" instance.", "traceback": "  File \"C:\\Users\\kgpa\\PycharmProjects\\NewsPaper\\venv\\lib\\site-packages\\apscheduler\\executors\\base.py\", line 125, in run_job\n    retval = job.func(*job.args, **job.kwargs)\n  File \"C:\\Users\\kgpa\\PycharmProjects\\NewsPaper\\NewsPaper\\news\\management\\commands\\runapscheduler.py\", line 24, in my_job\n    user_cats = CategoryUser.objects.filter(user=user)\n  File \"C:\\Users\\kgpa\\PycharmProjects\\NewsPaper\\venv\\lib\\site-packages\\django\\db\\models\\manager.py\", line 85, in manager_method\n    return getattr(self.get_queryset(), name)(*args, **kwargs)\n  File \"C:\\Users\\kgpa\\PycharmProjects\\NewsPaper\\venv\\lib\\site-packages\\django\\db\\models\\query.py\", line 974, in filter\n    return self._filter_or_exclude(False, args, kwargs)\n  File \"C:\\Users\\kgpa\\PycharmProjects\\NewsPaper\\venv\\lib\\site-packages\\django\\db\\models\\query.py\", line 992, in _filter_or_exclude\n    clone._filter_or_exclude_inplace(negate, args, kwargs)\n  File \"C:\\Users\\kgpa\\PycharmProjects\\NewsPaper\\venv\\lib\\site-packages\\django\\db\\models\\query.py\", line 999, in _filter_or_exclude_inplace\n    self._query.add_q(Q(*args, **kwargs))\n  File \"C:\\Users\\kgpa\\PycharmProjects\\NewsPaper\\venv\\lib\\site-packages\\django\\db\\models\\sql\\query.py\", line 1375, in add_q\n    clause, _ = self._add_q(q_object, self.used_aliases)\n  File \"C:\\Users\\kgpa\\PycharmProjects\\NewsPaper\\venv\\lib\\site-packages\\django\\db\\models\\sql\\query.py\", line 1396, in _add_q\n    child_clause, needed_inner = self.build_filter(\n  File \"C:\\Users\\kgpa\\PycharmProjects\\NewsPaper\\venv\\lib\\site-packages\\django\\db\\models\\sql\\query.py\", line 1302, in build_filter\n    self.check_related_objects(join_info.final_field, value, join_info.opts)\n  File \"C:\\Users\\kgpa\\PycharmProjects\\NewsPaper\\venv\\lib\\site-packages\\django\\db\\models\\sql\\query.py\", line 1134, in check_related_objects\n    self.check_query_object_type(value, opts, field)\n  File \"C:\\Users\\kgpa\\PycharmProjects\\NewsPaper\\venv\\lib\\site-packages\\django\\db\\models\\sql\\query.py\", line 1115, in check_query_object_type\n    raise ValueError(\n"}}, {"model": "django_apscheduler.djangojobexecution", "pk": 33, "fields": {"job": "my_job", "status": "Error!", "run_time": "2022-02-09T09:33:10Z", "duration": "0.04", "finished": "1644399190.04", "exception": "Cannot query \"CategoryUser object (1)\": Must be \"User\" instance.", "traceback": "  File \"C:\\Users\\kgpa\\PycharmProjects\\NewsPaper\\venv\\lib\\site-packages\\apscheduler\\executors\\base.py\", line 125, in run_job\n    retval = job.func(*job.args, **job.kwargs)\n  File \"C:\\Users\\kgpa\\PycharmProjects\\NewsPaper\\NewsPaper\\news\\management\\commands\\runapscheduler.py\", line 24, in my_job\n    user_cats = CategoryUser.objects.filter(user=user)\n  File \"C:\\Users\\kgpa\\PycharmProjects\\NewsPaper\\venv\\lib\\site-packages\\django\\db\\models\\manager.py\", line 85, in manager_method\n    return getattr(self.get_queryset(), name)(*args, **kwargs)\n  File \"C:\\Users\\kgpa\\PycharmProjects\\NewsPaper\\venv\\lib\\site-packages\\django\\db\\models\\query.py\", line 974, in filter\n    return self._filter_or_exclude(False, args, kwargs)\n  File \"C:\\Users\\kgpa\\PycharmProjects\\NewsPaper\\venv\\lib\\site-packages\\django\\db\\models\\query.py\", line 992, in _filter_or_exclude\n    clone._filter_or_exclude_inplace(negate, args, kwargs)\n  File \"C:\\Users\\kgpa\\PycharmProjects\\NewsPaper\\venv\\lib\\site-packages\\django\\db\\models\\query.py\", line 999, in _filter_or_exclude_inplace\n    self._query.add_q(Q(*args, **kwargs))\n  File \"C:\\Users\\kgpa\\PycharmProjects\\NewsPaper\\venv\\lib\\site-packages\\django\\db\\models\\sql\\query.py\", line 1375, in add_q\n    clause, _ = self._add_q(q_object, self.used_aliases)\n  File \"C:\\Users\\kgpa\\PycharmProjects\\NewsPaper\\venv\\lib\\site-packages\\django\\db\\models\\sql\\query.py\", line 1396, in _add_q\n    child_clause, needed_inner = self.build_filter(\n  File \"C:\\Users\\kgpa\\PycharmProjects\\NewsPaper\\venv\\lib\\site-packages\\django\\db\\models\\sql\\query.py\", line 1302, in build_filter\n    self.check_related_objects(join_info.final_field, value, join_info.opts)\n  File \"C:\\Users\\kgpa\\PycharmProjects\\NewsPaper\\venv\\lib\\site-packages\\django\\db\\models\\sql\\query.py\", line 1134, in check_related_objects\n    self.check_query_object_type(value, opts, field)\n  File \"C:\\Users\\kgpa\\PycharmProjects\\NewsPaper\\venv\\lib\\site-packages\\django\\db\\models\\sql\\query.py\", line 1115, in check_query_object_type\n    raise ValueError(\n"}}, {"model": "django_apscheduler.djangojobexecution", "pk": 34, "fields": {"job": "my_job", "status": "Error!", "run_time": "2022-02-09T09:33:20Z", "duration": "0.05", "finished": "1644399200.05", "exception": "Cannot query \"CategoryUser object (1)\": Must be \"User\" instance.", "traceback": "  File \"C:\\Users\\kgpa\\PycharmProjects\\NewsPaper\\venv\\lib\\site-packages\\apscheduler\\executors\\base.py\", line 125, in run_job\n    retval = job.func(*job.args, **job.kwargs)\n  File \"C:\\Users\\kgpa\\PycharmProjects\\NewsPaper\\NewsPaper\\news\\management\\commands\\runapscheduler.py\", line 24, in my_job\n    user_cats = CategoryUser.objects.filter(user=user)\n  File \"C:\\Users\\kgpa\\PycharmProjects\\NewsPaper\\venv\\lib\\site-packages\\django\\db\\models\\manager.py\", line 85, in manager_method\n    return getattr(self.get_queryset(), name)(*args, **kwargs)\n  File \"C:\\Users\\kgpa\\PycharmProjects\\NewsPaper\\venv\\lib\\site-packages\\django\\db\\models\\query.py\", line 974, in filter\n    return self._filter_or_exclude(False, args, kwargs)\n  File \"C:\\Users\\kgpa\\PycharmProjects\\NewsPaper\\venv\\lib\\site-packages\\django\\db\\models\\query.py\", line 992, in _filter_or_exclude\n    clone._filter_or_exclude_inplace(negate, args, kwargs)\n  File \"C:\\Users\\kgpa\\PycharmProjects\\NewsPaper\\venv\\lib\\site-packages\\django\\db\\models\\query.py\", line 999, in _filter_or_exclude_inplace\n    self._query.add_q(Q(*args, **kwargs))\n  File \"C:\\Users\\kgpa\\PycharmProjects\\NewsPaper\\venv\\lib\\site-packages\\django\\db\\models\\sql\\query.py\", line 1375, in add_q\n    clause, _ = self._add_q(q_object, self.used_aliases)\n  File \"C:\\Users\\kgpa\\PycharmProjects\\NewsPaper\\venv\\lib\\site-packages\\django\\db\\models\\sql\\query.py\", line 1396, in _add_q\n    child_clause, needed_inner = self.build_filter(\n  File \"C:\\Users\\kgpa\\PycharmProjects\\NewsPaper\\venv\\lib\\site-packages\\django\\db\\models\\sql\\query.py\", line 1302, in build_filter\n    self.check_related_objects(join_info.final_field, value, join_info.opts)\n  File \"C:\\Users\\kgpa\\PycharmProjects\\NewsPaper\\venv\\lib\\site-packages\\django\\db\\models\\sql\\query.py\", line 1134, in check_related_objects\n    self.check_query_object_type(value, opts, field)\n  File \"C:\\Users\\kgpa\\PycharmProjects\\NewsPaper\\venv\\lib\\site-packages\\django\\db\\models\\sql\\query.py\", line 1115, in check_query_object_type\n    raise ValueError(\n"}}, {"model": "django_apscheduler.djangojobexecution", "pk": 35, "fields": {"job": "my_job", "status": "Error!", "run_time": "2022-02-09T09:33:30Z", "duration": "0.08", "finished": "1644399210.08", "exception": "Cannot query \"CategoryUser object (1)\": Must be \"User\" instance.", "traceback": "  File \"C:\\Users\\kgpa\\PycharmProjects\\NewsPaper\\venv\\lib\\site-packages\\apscheduler\\executors\\base.py\", line 125, in run_job\n    retval = job.func(*job.args, **job.kwargs)\n  File \"C:\\Users\\kgpa\\PycharmProjects\\NewsPaper\\NewsPaper\\news\\management\\commands\\runapscheduler.py\", line 24, in my_job\n    user_cats = CategoryUser.objects.filter(user=user)\n  File \"C:\\Users\\kgpa\\PycharmProjects\\NewsPaper\\venv\\lib\\site-packages\\django\\db\\models\\manager.py\", line 85, in manager_method\n    return getattr(self.get_queryset(), name)(*args, **kwargs)\n  File \"C:\\Users\\kgpa\\PycharmProjects\\NewsPaper\\venv\\lib\\site-packages\\django\\db\\models\\query.py\", line 974, in filter\n    return self._filter_or_exclude(False, args, kwargs)\n  File \"C:\\Users\\kgpa\\PycharmProjects\\NewsPaper\\venv\\lib\\site-packages\\django\\db\\models\\query.py\", line 992, in _filter_or_exclude\n    clone._filter_or_exclude_inplace(negate, args, kwargs)\n  File \"C:\\Users\\kgpa\\PycharmProjects\\NewsPaper\\venv\\lib\\site-packages\\django\\db\\models\\query.py\", line 999, in _filter_or_exclude_inplace\n    self._query.add_q(Q(*args, **kwargs))\n  File \"C:\\Users\\kgpa\\PycharmProjects\\NewsPaper\\venv\\lib\\site-packages\\django\\db\\models\\sql\\query.py\", line 1375, in add_q\n    clause, _ = self._add_q(q_object, self.used_aliases)\n  File \"C:\\Users\\kgpa\\PycharmProjects\\NewsPaper\\venv\\lib\\site-packages\\django\\db\\models\\sql\\query.py\", line 1396, in _add_q\n    child_clause, needed_inner = self.build_filter(\n  File \"C:\\Users\\kgpa\\PycharmProjects\\NewsPaper\\venv\\lib\\site-packages\\django\\db\\models\\sql\\query.py\", line 1302, in build_filter\n    self.check_related_objects(join_info.final_field, value, join_info.opts)\n  File \"C:\\Users\\kgpa\\PycharmProjects\\NewsPaper\\venv\\lib\\site-packages\\django\\db\\models\\sql\\query.py\", line 1134, in check_related_objects\n    self.check_query_object_type(value, opts, field)\n  File \"C:\\Users\\kgpa\\PycharmProjects\\NewsPaper\\venv\\lib\\site-packages\\django\\db\\models\\sql\\query.py\", line 1115, in check_query_object_type\n    raise ValueError(\n"}}, {"model": "django_apscheduler.djangojobexecution", "pk": 36, "fields": {"job": "my_job", "status": "Error!", "run_time": "2022-02-09T09:33:40Z", "duration": "0.11", "finished": "1644399220.11", "exception": "Cannot query \"CategoryUser object (1)\": Must be \"User\" instance.", "traceback": "  File \"C:\\Users\\kgpa\\PycharmProjects\\NewsPaper\\venv\\lib\\site-packages\\apscheduler\\executors\\base.py\", line 125, in run_job\n    retval = job.func(*job.args, **job.kwargs)\n  File \"C:\\Users\\kgpa\\PycharmProjects\\NewsPaper\\NewsPaper\\news\\management\\commands\\runapscheduler.py\", line 24, in my_job\n    user_cats = CategoryUser.objects.filter(user=user)\n  File \"C:\\Users\\kgpa\\PycharmProjects\\NewsPaper\\venv\\lib\\site-packages\\django\\db\\models\\manager.py\", line 85, in manager_method\n    return getattr(self.get_queryset(), name)(*args, **kwargs)\n  File \"C:\\Users\\kgpa\\PycharmProjects\\NewsPaper\\venv\\lib\\site-packages\\django\\db\\models\\query.py\", line 974, in filter\n    return self._filter_or_exclude(False, args, kwargs)\n  File \"C:\\Users\\kgpa\\PycharmProjects\\NewsPaper\\venv\\lib\\site-packages\\django\\db\\models\\query.py\", line 992, in _filter_or_exclude\n    clone._filter_or_exclude_inplace(negate, args, kwargs)\n  File \"C:\\Users\\kgpa\\PycharmProjects\\NewsPaper\\venv\\lib\\site-packages\\django\\db\\models\\query.py\", line 999, in _filter_or_exclude_inplace\n    self._query.add_q(Q(*args, **kwargs))\n  File \"C:\\Users\\kgpa\\PycharmProjects\\NewsPaper\\venv\\lib\\site-packages\\django\\db\\models\\sql\\query.py\", line 1375, in add_q\n    clause, _ = self._add_q(q_object, self.used_aliases)\n  File \"C:\\Users\\kgpa\\PycharmProjects\\NewsPaper\\venv\\lib\\site-packages\\django\\db\\models\\sql\\query.py\", line 1396, in _add_q\n    child_clause, needed_inner = self.build_filter(\n  File \"C:\\Users\\kgpa\\PycharmProjects\\NewsPaper\\venv\\lib\\site-packages\\django\\db\\models\\sql\\query.py\", line 1302, in build_filter\n    self.check_related_objects(join_info.final_field, value, join_info.opts)\n  File \"C:\\Users\\kgpa\\PycharmProjects\\NewsPaper\\venv\\lib\\site-packages\\django\\db\\models\\sql\\query.py\", line 1134, in check_related_objects\n    self.check_query_object_type(value, opts, field)\n  File \"C:\\Users\\kgpa\\PycharmProjects\\NewsPaper\\venv\\lib\\site-packages\\django\\db\\models\\sql\\query.py\", line 1115, in check_query_object_type\n    raise ValueError(\n"}}, {"model": "django_apscheduler.djangojobexecution", "pk": 37, "fields": {"job": "my_job", "status": "Error!", "run_time": "2022-02-09T09:33:50Z", "duration": "0.05", "finished": "1644399230.05", "exception": "Cannot query \"CategoryUser object (1)\": Must be \"User\" instance.", "traceback": "  File \"C:\\Users\\kgpa\\PycharmProjects\\NewsPaper\\venv\\lib\\site-packages\\apscheduler\\executors\\base.py\", line 125, in run_job\n    retval = job.func(*job.args, **job.kwargs)\n  File \"C:\\Users\\kgpa\\PycharmProjects\\NewsPaper\\NewsPaper\\news\\management\\commands\\runapscheduler.py\", line 24, in my_job\n    user_cats = CategoryUser.objects.filter(user=user)\n  File \"C:\\Users\\kgpa\\PycharmProjects\\NewsPaper\\venv\\lib\\site-packages\\django\\db\\models\\manager.py\", line 85, in manager_method\n    return getattr(self.get_queryset(), name)(*args, **kwargs)\n  File \"C:\\Users\\kgpa\\PycharmProjects\\NewsPaper\\venv\\lib\\site-packages\\django\\db\\models\\query.py\", line 974, in filter\n    return self._filter_or_exclude(False, args, kwargs)\n  File \"C:\\Users\\kgpa\\PycharmProjects\\NewsPaper\\venv\\lib\\site-packages\\django\\db\\models\\query.py\", line 992, in _filter_or_exclude\n    clone._filter_or_exclude_inplace(negate, args, kwargs)\n  File \"C:\\Users\\kgpa\\PycharmProjects\\NewsPaper\\venv\\lib\\site-packages\\django\\db\\models\\query.py\", line 999, in _filter_or_exclude_inplace\n    self._query.add_q(Q(*args, **kwargs))\n  File \"C:\\Users\\kgpa\\PycharmProjects\\NewsPaper\\venv\\lib\\site-packages\\django\\db\\models\\sql\\query.py\", line 1375, in add_q\n    clause, _ = self._add_q(q_object, self.used_aliases)\n  File \"C:\\Users\\kgpa\\PycharmProjects\\NewsPaper\\venv\\lib\\site-packages\\django\\db\\models\\sql\\query.py\", line 1396, in _add_q\n    child_clause, needed_inner = self.build_filter(\n  File \"C:\\Users\\kgpa\\PycharmProjects\\NewsPaper\\venv\\lib\\site-packages\\django\\db\\models\\sql\\query.py\", line 1302, in build_filter\n    self.check_related_objects(join_info.final_field, value, join_info.opts)\n  File \"C:\\Users\\kgpa\\PycharmProjects\\NewsPaper\\venv\\lib\\site-packages\\django\\db\\models\\sql\\query.py\", line 1134, in check_related_objects\n    self.check_query_object_type(value, opts, field)\n  File \"C:\\Users\\kgpa\\PycharmProjects\\NewsPaper\\venv\\lib\\site-packages\\django\\db\\models\\sql\\query.py\", line 1115, in check_query_object_type\n    raise ValueError(\n"}}, {"model": "django_apscheduler.djangojobexecution", "pk": 38, "fields": {"job": "my_job", "status": "Error!", "run_time": "2022-02-09T09:34:20Z", "duration": "0.01", "finished": "1644399260.01", "exception": "'QuerySet' object has no attribute 'user'", "traceback": "  File \"C:\\Users\\kgpa\\PycharmProjects\\NewsPaper\\venv\\lib\\site-packages\\apscheduler\\executors\\base.py\", line 125, in run_job\n    retval = job.func(*job.args, **job.kwargs)\n  File \"C:\\Users\\kgpa\\PycharmProjects\\NewsPaper\\NewsPaper\\news\\management\\commands\\runapscheduler.py\", line 22, in my_job\n    print(f'usercat_entries {usercat_entries.user}')\n"}}, {"model": "django_apscheduler.djangojobexecution", "pk": 39, "fields": {"job": "my_job", "status": "Error!", "run_time": "2022-02-09T09:39:00Z", "duration": "0.02", "finished": "1644399540.02", "exception": "'QuerySet' object has no attribute 'user_id'", "traceback": "  File \"C:\\Users\\kgpa\\PycharmProjects\\NewsPaper\\venv\\lib\\site-packages\\apscheduler\\executors\\base.py\", line 125, in run_job\n    retval = job.func(*job.args, **job.kwargs)\n  File \"C:\\Users\\kgpa\\PycharmProjects\\NewsPaper\\NewsPaper\\news\\management\\commands\\runapscheduler.py\", line 22, in my_job\n    print(f'usercat_entries {usercat_entries.user_id}')\n"}}, {"model": "django_apscheduler.djangojobexecution", "pk": 40, "fields": {"job": "my_job", "status": "Error!", "run_time": "2022-02-09T09:40:50Z", "duration": "0.04", "finished": "1644399650.04", "exception": "Field 'id' expected a number but got {'user': 3}.", "traceback": "  File \"C:\\Users\\kgpa\\PycharmProjects\\NewsPaper\\venv\\lib\\site-packages\\apscheduler\\executors\\base.py\", line 125, in run_job\n    retval = job.func(*job.args, **job.kwargs)\n  File \"C:\\Users\\kgpa\\PycharmProjects\\NewsPaper\\NewsPaper\\news\\management\\commands\\runapscheduler.py\", line 25, in my_job\n    user_cats = CategoryUser.objects.filter(user=user)\n  File \"C:\\Users\\kgpa\\PycharmProjects\\NewsPaper\\venv\\lib\\site-packages\\django\\db\\models\\manager.py\", line 85, in manager_method\n    return getattr(self.get_queryset(), name)(*args, **kwargs)\n  File \"C:\\Users\\kgpa\\PycharmProjects\\NewsPaper\\venv\\lib\\site-packages\\django\\db\\models\\query.py\", line 974, in filter\n    return self._filter_or_exclude(False, args, kwargs)\n  File \"C:\\Users\\kgpa\\PycharmProjects\\NewsPaper\\venv\\lib\\site-packages\\django\\db\\models\\query.py\", line 992, in _filter_or_exclude\n    clone._filter_or_exclude_inplace(negate, args, kwargs)\n  File \"C:\\Users\\kgpa\\PycharmProjects\\NewsPaper\\venv\\lib\\site-packages\\django\\db\\models\\query.py\", line 999, in _filter_or_exclude_inplace\n    self._query.add_q(Q(*args, **kwargs))\n  File \"C:\\Users\\kgpa\\PycharmProjects\\NewsPaper\\venv\\lib\\site-packages\\django\\db\\models\\sql\\query.py\", line 1375, in add_q\n    clause, _ = self._add_q(q_object, self.used_aliases)\n  File \"C:\\Users\\kgpa\\PycharmProjects\\NewsPaper\\venv\\lib\\site-packages\\django\\db\\models\\sql\\query.py\", line 1396, in _add_q\n    child_clause, needed_inner = self.build_filter(\n  File \"C:\\Users\\kgpa\\PycharmProjects\\NewsPaper\\venv\\lib\\site-packages\\django\\db\\models\\sql\\query.py\", line 1329, in build_filter\n    condition = self.build_lookup(lookups, col, value)\n  File \"C:\\Users\\kgpa\\PycharmProjects\\NewsPaper\\venv\\lib\\site-packages\\django\\db\\models\\sql\\query.py\", line 1180, in build_lookup\n    lookup = lookup_class(lhs, rhs)\n  File \"C:\\Users\\kgpa\\PycharmProjects\\NewsPaper\\venv\\lib\\site-packages\\django\\db\\models\\lookups.py\", line 22, in __init__\n    self.rhs = self.get_prep_lookup()\n  File \"C:\\Users\\kgpa\\PycharmProjects\\NewsPaper\\venv\\lib\\site-packages\\django\\db\\models\\fields\\related_lookups.py\", line 120, in get_prep_lookup\n    self.rhs = target_field.get_prep_value(self.rhs)\n  File \"C:\\Users\\kgpa\\PycharmProjects\\NewsPaper\\venv\\lib\\site-packages\\django\\db\\models\\fields\\__init__.py\", line 1824, in get_prep_value\n    raise e.__class__(\n"}}, {"model": "django_apscheduler.djangojobexecution", "pk": 41, "fields": {"job": "my_job", "status": "Error!", "run_time": "2022-02-09T09:52:30Z", "duration": "0.03", "finished": "1644400350.03", "exception": "'ManyRelatedManager' object is not iterable", "traceback": "  File \"C:\\Users\\kgpa\\PycharmProjects\\NewsPaper\\venv\\lib\\site-packages\\apscheduler\\executors\\base.py\", line 125, in run_job\n    retval = job.func(*job.args, **job.kwargs)\n  File \"C:\\Users\\kgpa\\PycharmProjects\\NewsPaper\\NewsPaper\\news\\management\\commands\\runapscheduler.py\", line 25, in my_job\n    for sub in cat.subscribers:\n"}}, {"model": "django_apscheduler.djangojobexecution", "pk": 42, "fields": {"job": "my_job", "status": "Error!", "run_time": "2022-02-09T09:54:30Z", "duration": "0.02", "finished": "1644400470.02", "exception": "'ManyRelatedManager' object is not iterable", "traceback": "  File \"C:\\Users\\kgpa\\PycharmProjects\\NewsPaper\\venv\\lib\\site-packages\\apscheduler\\executors\\base.py\", line 125, in run_job\n    retval = job.func(*job.args, **job.kwargs)\n  File \"C:\\Users\\kgpa\\PycharmProjects\\NewsPaper\\NewsPaper\\news\\management\\commands\\runapscheduler.py\", line 26, in my_job\n    for sub in cat.subscribers:\n"}}, {"model": "django_apscheduler.djangojobexecution", "pk": 43, "fields": {"job": "my_job", "status": "Error!", "run_time": "2022-02-09T09:56:20Z", "duration": "0.02", "finished": "1644400580.02", "exception": "'ManyRelatedManager' object is not iterable", "traceback": "  File \"C:\\Users\\kgpa\\PycharmProjects\\NewsPaper\\venv\\lib\\site-packages\\apscheduler\\executors\\base.py\", line 125, in run_job\n    retval = job.func(*job.args, **job.kwargs)\n  File \"C:\\Users\\kgpa\\PycharmProjects\\NewsPaper\\NewsPaper\\news\\management\\commands\\runapscheduler.py\", line 27, in my_job\n    for sub in cat.subscribers:\n"}}, {"model": "django_apscheduler.djangojobexecution", "pk": 44, "fields": {"job": "my_job", "status": "Error!", "run_time": "2022-02-09T09:58:40Z", "duration": "0.04", "finished": "1644400720.04", "exception": "'ManyRelatedManager' object is not iterable", "traceback": "  File \"C:\\Users\\kgpa\\PycharmProjects\\NewsPaper\\venv\\lib\\site-packages\\apscheduler\\executors\\base.py\", line 125, in run_job\n    retval = job.func(*job.args, **job.kwargs)\n  File \"C:\\Users\\kgpa\\PycharmProjects\\NewsPaper\\NewsPaper\\news\\management\\commands\\runapscheduler.py\", line 27, in my_job\n    for sub in cat.subscribers:\n"}}, {"model": "django_apscheduler.djangojobexecution", "pk": 45, "fields": {"job": "my_job", "status": "Error!", "run_time": "2022-02-09T09:59:50Z", "duration": "0.02", "finished": "1644400790.02", "exception": "'ManyRelatedManager' object has no attribute 'id'", "traceback": "  File \"C:\\Users\\kgpa\\PycharmProjects\\NewsPaper\\venv\\lib\\site-packages\\apscheduler\\executors\\base.py\", line 125, in run_job\n    retval = job.func(*job.args, **job.kwargs)\n  File \"C:\\Users\\kgpa\\PycharmProjects\\NewsPaper\\NewsPaper\\news\\management\\commands\\runapscheduler.py\", line 26, in my_job\n    if cat.subscribers.id.exists():\n"}}, {"model": "django_apscheduler.djangojobexecution", "pk": 46, "fields": {"job": "my_job", "status": "Error!", "run_time": "2022-02-09T10:00:00Z", "duration": "0.04", "finished": "1644400800.04", "exception": "'ManyRelatedManager' object has no attribute 'id'", "traceback": "  File \"C:\\Users\\kgpa\\PycharmProjects\\NewsPaper\\venv\\lib\\site-packages\\apscheduler\\executors\\base.py\", line 125, in run_job\n    retval = job.func(*job.args, **job.kwargs)\n  File \"C:\\Users\\kgpa\\PycharmProjects\\NewsPaper\\NewsPaper\\news\\management\\commands\\runapscheduler.py\", line 26, in my_job\n    if cat.subscribers.id.exists():\n"}}, {"model": "django_apscheduler.djangojobexecution", "pk": 47, "fields": {"job": "my_job", "status": "Error!", "run_time": "2022-02-09T10:00:10Z", "duration": "0.03", "finished": "1644400810.03", "exception": "'ManyRelatedManager' object has no attribute 'id'", "traceback": "  File \"C:\\Users\\kgpa\\PycharmProjects\\NewsPaper\\venv\\lib\\site-packages\\apscheduler\\executors\\base.py\", line 125, in run_job\n    retval = job.func(*job.args, **job.kwargs)\n  File \"C:\\Users\\kgpa\\PycharmProjects\\NewsPaper\\NewsPaper\\news\\management\\commands\\runapscheduler.py\", line 26, in my_job\n    if cat.subscribers.id.exists():\n"}}, {"model": "django_apscheduler.djangojobexecution", "pk": 48, "fields": {"job": "my_job", "status": "Error!", "run_time": "2022-02-09T10:00:20Z", "duration": "0.07", "finished": "1644400820.07", "exception": "'ManyRelatedManager' object has no attribute 'id'", "traceback": "  File \"C:\\Users\\kgpa\\PycharmProjects\\NewsPaper\\venv\\lib\\site-packages\\apscheduler\\executors\\base.py\", line 125, in run_job\n    retval = job.func(*job.args, **job.kwargs)\n  File \"C:\\Users\\kgpa\\PycharmProjects\\NewsPaper\\NewsPaper\\news\\management\\commands\\runapscheduler.py\", line 26, in my_job\n    if cat.subscribers.username.exists():\n"}}, {"model": "django_apscheduler.djangojobexecution", "pk": 49, "fields": {"job": "my_job", "status": "Error!", "run_time": "2022-02-09T10:00:30Z", "duration": "0.07", "finished": "1644400830.07", "exception": "'ManyRelatedManager' object has no attribute 'id'", "traceback": "  File \"C:\\Users\\kgpa\\PycharmProjects\\NewsPaper\\venv\\lib\\site-packages\\apscheduler\\executors\\base.py\", line 125, in run_job\n    retval = job.func(*job.args, **job.kwargs)\n  File \"C:\\Users\\kgpa\\PycharmProjects\\NewsPaper\\NewsPaper\\news\\management\\commands\\runapscheduler.py\", line 26, in my_job\n    if cat.subscribers.username.exists():\n"}}, {"model": "django_apscheduler.djangojobexecution", "pk": 50, "fields": {"job": "my_job", "status": "Error!", "run_time": "2022-02-09T10:00:40Z", "duration": "0.04", "finished": "1644400840.04", "exception": "'ManyRelatedManager' object has no attribute 'id'", "traceback": "  File \"C:\\Users\\kgpa\\PycharmProjects\\NewsPaper\\venv\\lib\\site-packages\\apscheduler\\executors\\base.py\", line 125, in run_job\n    retval = job.func(*job.args, **job.kwargs)\n  File \"C:\\Users\\kgpa\\PycharmProjects\\NewsPaper\\NewsPaper\\news\\management\\commands\\runapscheduler.py\", line 26, in my_job\n    if cat.subscribers.username.exists():\n"}}, {"model": "django_apscheduler.djangojobexecution", "pk": 51, "fields": {"job": "my_job", "status": "Error!", "run_time": "2022-02-09T10:00:50Z", "duration": "0.06", "finished": "1644400850.06", "exception": "'ManyRelatedManager' object has no attribute 'id'", "traceback": "  File \"C:\\Users\\kgpa\\PycharmProjects\\NewsPaper\\venv\\lib\\site-packages\\apscheduler\\executors\\base.py\", line 125, in run_job\n    retval = job.func(*job.args, **job.kwargs)\n  File \"C:\\Users\\kgpa\\PycharmProjects\\NewsPaper\\NewsPaper\\news\\management\\commands\\runapscheduler.py\", line 26, in my_job\n    if cat.subscribers.username.exists():\n"}}, {"model": "django_apscheduler.djangojobexecution", "pk": 52, "fields": {"job": "my_job", "status": "Error!", "run_time": "2022-02-09T10:01:00Z", "duration": "0.05", "finished": "1644400860.05", "exception": "'ManyRelatedManager' object has no attribute 'id'", "traceback": "  File \"C:\\Users\\kgpa\\PycharmProjects\\NewsPaper\\venv\\lib\\site-packages\\apscheduler\\executors\\base.py\", line 125, in run_job\n    retval = job.func(*job.args, **job.kwargs)\n  File \"C:\\Users\\kgpa\\PycharmProjects\\NewsPaper\\NewsPaper\\news\\management\\commands\\runapscheduler.py\", line 26, in my_job\n    if cat.subscribers.username.exists():\n"}}, {"model": "django_apscheduler.djangojobexecution", "pk": 53, "fields": {"job": "my_job", "status": "Error!", "run_time": "2022-02-09T10:01:10Z", "duration": "0.06", "finished": "1644400870.06", "exception": "'ManyRelatedManager' object has no attribute 'id'", "traceback": "  File \"C:\\Users\\kgpa\\PycharmProjects\\NewsPaper\\venv\\lib\\site-packages\\apscheduler\\executors\\base.py\", line 125, in run_job\n    retval = job.func(*job.args, **job.kwargs)\n  File \"C:\\Users\\kgpa\\PycharmProjects\\NewsPaper\\NewsPaper\\news\\management\\commands\\runapscheduler.py\", line 26, in my_job\n    if cat.subscribers.username.exists():\n"}}, {"model": "django_apscheduler.djangojobexecution", "pk": 54, "fields": {"job": "my_job", "status": "Error!", "run_time": "2022-02-09T10:01:20Z", "duration": "0.06", "finished": "1644400880.06", "exception": "'ManyRelatedManager' object has no attribute 'id'", "traceback": "  File \"C:\\Users\\kgpa\\PycharmProjects\\NewsPaper\\venv\\lib\\site-packages\\apscheduler\\executors\\base.py\", line 125, in run_job\n    retval = job.func(*job.args, **job.kwargs)\n  File \"C:\\Users\\kgpa\\PycharmProjects\\NewsPaper\\NewsPaper\\news\\management\\commands\\runapscheduler.py\", line 26, in my_job\n    if cat.subscribers.username.exists():\n"}}, {"model": "django_apscheduler.djangojobexecution", "pk": 55, "fields": {"job": "my_job", "status": "Error!", "run_time": "2022-02-09T10:01:30Z", "duration": "0.09", "finished": "1644400890.09", "exception": "'ManyRelatedManager' object has no attribute 'id'", "traceback": "  File \"C:\\Users\\kgpa\\PycharmProjects\\NewsPaper\\venv\\lib\\site-packages\\apscheduler\\executors\\base.py\", line 125, in run_job\n    retval = job.func(*job.args, **job.kwargs)\n  File \"C:\\Users\\kgpa\\PycharmProjects\\NewsPaper\\NewsPaper\\news\\management\\commands\\runapscheduler.py\", line 26, in my_job\n    if cat.subscribers.username.exists():\n"}}, {"model": "django_apscheduler.djangojobexecution", "pk": 56, "fields": {"job": "my_job", "status": "Error!", "run_time": "2022-02-09T10:01:50Z", "duration": "0.02", "finished": "1644400910.02", "exception": "'ManyRelatedManager' object has no attribute 'username'", "traceback": "  File \"C:\\Users\\kgpa\\PycharmProjects\\NewsPaper\\venv\\lib\\site-packages\\apscheduler\\executors\\base.py\", line 125, in run_job\n    retval = job.func(*job.args, **job.kwargs)\n  File \"C:\\Users\\kgpa\\PycharmProjects\\NewsPaper\\NewsPaper\\news\\management\\commands\\runapscheduler.py\", line 26, in my_job\n    if cat.subscribers.username.exists():\n"}}, {"model": "django_apscheduler.djangojobexecution", "pk": 57, "fields": {"job": "my_job", "status": "Error!", "run_time": "2022-02-09T10:02:00Z", "duration": "0.07", "finished": "1644400920.07", "exception": "'ManyRelatedManager' object has no attribute 'username'", "traceback": "  File \"C:\\Users\\kgpa\\PycharmProjects\\NewsPaper\\venv\\lib\\site-packages\\apscheduler\\executors\\base.py\", line 125, in run_job\n    retval = job.func(*job.args, **job.kwargs)\n  File \"C:\\Users\\kgpa\\PycharmProjects\\NewsPaper\\NewsPaper\\news\\management\\commands\\runapscheduler.py\", line 26, in my_job\n    if cat.subscribers.username.exists():\n"}}, {"model": "django_apscheduler.djangojobexecution", "pk": 58, "fields": {"job": "my_job", "status": "Error!", "run_time": "2022-02-09T10:02:10Z", "duration": "0.06", "finished": "1644400930.06", "exception": "'ManyRelatedManager' object has no attribute 'username'", "traceback": "  File \"C:\\Users\\kgpa\\PycharmProjects\\NewsPaper\\venv\\lib\\site-packages\\apscheduler\\executors\\base.py\", line 125, in run_job\n    retval = job.func(*job.args, **job.kwargs)\n  File \"C:\\Users\\kgpa\\PycharmProjects\\NewsPaper\\NewsPaper\\news\\management\\commands\\runapscheduler.py\", line 26, in my_job\n    if cat.subscribers.username.exists():\n"}}, {"model": "django_apscheduler.djangojobexecution", "pk": 59, "fields": {"job": "my_job", "status": "Error!", "run_time": "2022-02-09T10:02:20Z", "duration": "0.05", "finished": "1644400940.05", "exception": "'ManyRelatedManager' object has no attribute 'username'", "traceback": "  File \"C:\\Users\\kgpa\\PycharmProjects\\NewsPaper\\venv\\lib\\site-packages\\apscheduler\\executors\\base.py\", line 125, in run_job\n    retval = job.func(*job.args, **job.kwargs)\n  File \"C:\\Users\\kgpa\\PycharmProjects\\NewsPaper\\NewsPaper\\news\\management\\commands\\runapscheduler.py\", line 26, in my_job\n    if cat.subscribers.exists():\n"}}, {"model": "django_apscheduler.djangojobexecution", "pk": 60, "fields": {"job": "my_job", "status": "Error!", "run_time": "2022-02-09T10:02:30Z", "duration": "0.06", "finished": "1644400950.06", "exception": "'ManyRelatedManager' object has no attribute 'username'", "traceback": "  File \"C:\\Users\\kgpa\\PycharmProjects\\NewsPaper\\venv\\lib\\site-packages\\apscheduler\\executors\\base.py\", line 125, in run_job\n    retval = job.func(*job.args, **job.kwargs)\n  File \"C:\\Users\\kgpa\\PycharmProjects\\NewsPaper\\NewsPaper\\news\\management\\commands\\runapscheduler.py\", line 26, in my_job\n    if cat.subscribers.exists():\n"}}, {"model": "django_apscheduler.djangojobexecution", "pk": 61, "fields": {"job": "my_job", "status": "Error!", "run_time": "2022-02-09T10:02:40Z", "duration": "0.06", "finished": "1644400960.06", "exception": "'ManyRelatedManager' object has no attribute 'username'", "traceback": "  File \"C:\\Users\\kgpa\\PycharmProjects\\NewsPaper\\venv\\lib\\site-packages\\apscheduler\\executors\\base.py\", line 125, in run_job\n    retval = job.func(*job.args, **job.kwargs)\n  File \"C:\\Users\\kgpa\\PycharmProjects\\NewsPaper\\NewsPaper\\news\\management\\commands\\runapscheduler.py\", line 26, in my_job\n    if cat.subscribers.exists():\n"}}, {"model": "django_apscheduler.djangojobexecution", "pk": 62, "fields": {"job": "my_job", "status": "Error!", "run_time": "2022-02-09T10:02:50Z", "duration": "0.06", "finished": "1644400970.06", "exception": "'ManyRelatedManager' object has no attribute 'username'", "traceback": "  File \"C:\\Users\\kgpa\\PycharmProjects\\NewsPaper\\venv\\lib\\site-packages\\apscheduler\\executors\\base.py\", line 125, in run_job\n    retval = job.func(*job.args, **job.kwargs)\n  File \"C:\\Users\\kgpa\\PycharmProjects\\NewsPaper\\NewsPaper\\news\\management\\commands\\runapscheduler.py\", line 26, in my_job\n    if cat.subscribers.exists():\n"}}, {"model": "django_apscheduler.djangojobexecution", "pk": 63, "fields": {"job": "my_job", "status": "Error!", "run_time": "2022-02-09T10:03:00Z", "duration": "0.06", "finished": "1644400980.06", "exception": "'ManyRelatedManager' object has no attribute 'username'", "traceback": "  File \"C:\\Users\\kgpa\\PycharmProjects\\NewsPaper\\venv\\lib\\site-packages\\apscheduler\\executors\\base.py\", line 125, in run_job\n    retval = job.func(*job.args, **job.kwargs)\n  File \"C:\\Users\\kgpa\\PycharmProjects\\NewsPaper\\NewsPaper\\news\\management\\commands\\runapscheduler.py\", line 26, in my_job\n    if cat.subscribers.exists():\n"}}, {"model": "django_apscheduler.djangojobexecution", "pk": 64, "fields": {"job": "my_job", "status": "Error!", "run_time": "2022-02-09T10:03:10Z", "duration": "0.06", "finished": "1644400990.06", "exception": "'ManyRelatedManager' object has no attribute 'username'", "traceback": "  File \"C:\\Users\\kgpa\\PycharmProjects\\NewsPaper\\venv\\lib\\site-packages\\apscheduler\\executors\\base.py\", line 125, in run_job\n    retval = job.func(*job.args, **job.kwargs)\n  File \"C:\\Users\\kgpa\\PycharmProjects\\NewsPaper\\NewsPaper\\news\\management\\commands\\runapscheduler.py\", line 26, in my_job\n    if cat.subscribers.exists():\n"}}, {"model": "django_apscheduler.djangojobexecution", "pk": 65, "fields": {"job": "my_job", "status": "Error!", "run_time": "2022-02-09T10:03:20Z", "duration": "0.06", "finished": "1644401000.06", "exception": "'ManyRelatedManager' object has no attribute 'username'", "traceback": "  File \"C:\\Users\\kgpa\\PycharmProjects\\NewsPaper\\venv\\lib\\site-packages\\apscheduler\\executors\\base.py\", line 125, in run_job\n    retval = job.func(*job.args, **job.kwargs)\n  File \"C:\\Users\\kgpa\\PycharmProjects\\NewsPaper\\NewsPaper\\news\\management\\commands\\runapscheduler.py\", line 26, in my_job\n    if cat.subscribers.exists():\n"}}, {"model": "django_apscheduler.djangojobexecution", "pk": 66, "fields": {"job": "my_job", "status": "Error!", "run_time": "2022-02-09T10:03:30Z", "duration": "0.06", "finished": "1644401010.06", "exception": "'ManyRelatedManager' object has no attribute 'username'", "traceback": "  File \"C:\\Users\\kgpa\\PycharmProjects\\NewsPaper\\venv\\lib\\site-packages\\apscheduler\\executors\\base.py\", line 125, in run_job\n    retval = job.func(*job.args, **job.kwargs)\n  File \"C:\\Users\\kgpa\\PycharmProjects\\NewsPaper\\NewsPaper\\news\\management\\commands\\runapscheduler.py\", line 26, in my_job\n    if cat.subscribers.exists():\n"}}, {"model": "django_apscheduler.djangojobexecution", "pk": 67, "fields": {"job": "my_job", "status": "Error!", "run_time": "2022-02-09T10:03:40Z", "duration": "0.05", "finished": "1644401020.05", "exception": "'ManyRelatedManager' object has no attribute 'username'", "traceback": "  File \"C:\\Users\\kgpa\\PycharmProjects\\NewsPaper\\venv\\lib\\site-packages\\apscheduler\\executors\\base.py\", line 125, in run_job\n    retval = job.func(*job.args, **job.kwargs)\n  File \"C:\\Users\\kgpa\\PycharmProjects\\NewsPaper\\NewsPaper\\news\\management\\commands\\runapscheduler.py\", line 26, in my_job\n    if cat.subscribers.exists():\n"}}, {"model": "django_apscheduler.djangojobexecution", "pk": 68, "fields": {"job": "my_job", "status": "Error!", "run_time": "2022-02-09T10:03:50Z", "duration": "0.05", "finished": "1644401030.05", "exception": "'ManyRelatedManager' object has no attribute 'username'", "traceback": "  File \"C:\\Users\\kgpa\\PycharmProjects\\NewsPaper\\venv\\lib\\site-packages\\apscheduler\\executors\\base.py\", line 125, in run_job\n    retval = job.func(*job.args, **job.kwargs)\n  File \"C:\\Users\\kgpa\\PycharmProjects\\NewsPaper\\NewsPaper\\news\\management\\commands\\runapscheduler.py\", line 26, in my_job\n    if cat.subscribersis != 'auth.User.None':\n"}}, {"model": "django_apscheduler.djangojobexecution", "pk": 69, "fields": {"job": "my_job", "status": "Error!", "run_time": "2022-02-09T10:04:10Z", "duration": "0.02", "finished": "1644401050.02", "exception": "'Category' object has no attribute 'subscribersis'", "traceback": "  File \"C:\\Users\\kgpa\\PycharmProjects\\NewsPaper\\venv\\lib\\site-packages\\apscheduler\\executors\\base.py\", line 125, in run_job\n    retval = job.func(*job.args, **job.kwargs)\n  File \"C:\\Users\\kgpa\\PycharmProjects\\NewsPaper\\NewsPaper\\news\\management\\commands\\runapscheduler.py\", line 26, in my_job\n    if cat.subscribersis != 'auth.User.None':\n"}}, {"model": "django_apscheduler.djangojobexecution", "pk": 70, "fields": {"job": "my_job", "status": "Error!", "run_time": "2022-02-09T10:04:20Z", "duration": "0.04", "finished": "1644401060.04", "exception": "'Category' object has no attribute 'subscribersis'", "traceback": "  File \"C:\\Users\\kgpa\\PycharmProjects\\NewsPaper\\venv\\lib\\site-packages\\apscheduler\\executors\\base.py\", line 125, in run_job\n    retval = job.func(*job.args, **job.kwargs)\n  File \"C:\\Users\\kgpa\\PycharmProjects\\NewsPaper\\NewsPaper\\news\\management\\commands\\runapscheduler.py\", line 26, in my_job\n    if cat.subscribersis != 'auth.User.None':\n"}}, {"model": "django_apscheduler.djangojobexecution", "pk": 71, "fields": {"job": "my_job", "status": "Error!", "run_time": "2022-02-09T10:04:40Z", "duration": "0.02", "finished": "1644401080.02", "exception": "'ManyRelatedManager' object is not iterable", "traceback": "  File \"C:\\Users\\kgpa\\PycharmProjects\\NewsPaper\\venv\\lib\\site-packages\\apscheduler\\executors\\base.py\", line 125, in run_job\n    retval = job.func(*job.args, **job.kwargs)\n  File \"C:\\Users\\kgpa\\PycharmProjects\\NewsPaper\\NewsPaper\\news\\management\\commands\\runapscheduler.py\", line 27, in my_job\n    for sub in cat.subscribers:\n"}}, {"model": "django_apscheduler.djangojobexecution", "pk": 72, "fields": {"job": "my_job", "status": "Executed", "run_time": "2022-02-09T10:54:10Z", "duration": "0.05", "finished": "1644404050.05", "exception": null, "traceback": null}}, {"model": "django_apscheduler.djangojobexecution", "pk": 73, "fields": {"job": "my_job", "status": "Executed", "run_time": "2022-02-09T10:54:20Z", "duration": "0.07", "finished": "1644404060.07", "exception": null, "traceback": null}}, {"model": "django_apscheduler.djangojobexecution", "pk": 74, "fields": {"job": "my_job", "status": "Executed", "run_time": "2022-02-09T10:54:30Z", "duration": "0.09", "finished": "1644404070.09", "exception": null, "traceback": null}}, {"model": "django_apscheduler.djangojobexecution", "pk": 75, "fields": {"job": "my_job", "status": "Executed", "run_time": "2022-02-09T10:54:40Z", "duration": "0.08", "finished": "1644404080.08", "exception": null, "traceback": null}}, {"model": "django_apscheduler.djangojobexecution", "pk": 76, "fields": {"job": "my_job", "status": "Executed", "run_time": "2022-02-09T10:56:20Z", "duration": "0.07", "finished": "1644404180.07", "exception": null, "traceback": null}}, {"model": "django_apscheduler.djangojobexecution", "pk": 77, "fields": {"job": "my_job", "status": "Executed", "run_time": "2022-02-09T10:57:50Z", "duration": "0.05", "finished": "1644404270.05", "exception": null, "traceback": null}}, {"model": "django_apscheduler.djangojobexecution", "pk": 78, "fields": {"job": "my_job", "status": "Executed", "run_time": "2022-02-09T11:00:20Z", "duration": "0.06", "finished": "1644404420.06", "exception": null, "traceback": null}}, {"model": "django_apscheduler.djangojobexecution", "pk": 79, "fields": {"job": "my_job", "status": "Executed", "run_time": "2022-02-09T11:17:40Z", "duration": "11.86", "finished": "1644405471.86", "exception": null, "traceback": null}}, {"model": "django_apscheduler.djangojobexecution", "pk": 80, "fields": {"job": "my_job", "status": "Max instances!", "run_time": "2022-02-09T11:17:50Z", "duration": "0.04", "finished": "1644405470.04", "exception": "Execution of job 'my_job' skipped: maximum number of running instances reached!", "traceback": null}}, {"model": "django_apscheduler.djangojobexecution", "pk": 81, "fields": {"job": "my_job", "status": "Executed", "run_time": "2022-02-09T11:24:00Z", "duration": "9.25", "finished": "1644405849.25", "exception": null, "traceback": null}}, {"model": "django_apscheduler.djangojobexecution", "pk": 82, "fields": {"job": "my_job", "status": "Executed", "run_time": "2022-02-09T11:31:00Z", "duration": "8.46", "finished": "1644406268.46", "exception": null, "traceback": null}}, {"model": "django_apscheduler.djangojobexecution", "pk": 83, "fields": {"job": "my_job", "status": "Error!", "run_time": "2022-02-09T11:46:30Z", "duration": "0.04", "finished": "1644407190.04", "exception": "list index out of range", "traceback": "  File \"C:\\Users\\kgpa\\PycharmProjects\\NewsPaper\\venv\\lib\\site-packages\\apscheduler\\executors\\base.py\", line 125, in run_job\n    retval = job.func(*job.args, **job.kwargs)\n  File \"C:\\Users\\kgpa\\PycharmProjects\\NewsPaper\\NewsPaper\\news\\management\\commands\\runapscheduler.py\", line 30, in my_job\n    if posts[0] is not None:\n  File \"C:\\Users\\kgpa\\PycharmProjects\\NewsPaper\\venv\\lib\\site-packages\\django\\db\\models\\query.py\", line 322, in __getitem__\n    return qs._result_cache[0]\n"}}, {"model": "django_apscheduler.djangojobexecution", "pk": 84, "fields": {"job": "my_job", "status": "Error!", "run_time": "2022-02-09T11:47:00Z", "duration": "0.08", "finished": "1644407220.08", "exception": "list index out of range", "traceback": "  File \"C:\\Users\\kgpa\\PycharmProjects\\NewsPaper\\venv\\lib\\site-packages\\apscheduler\\executors\\base.py\", line 125, in run_job\n    retval = job.func(*job.args, **job.kwargs)\n  File \"C:\\Users\\kgpa\\PycharmProjects\\NewsPaper\\NewsPaper\\news\\management\\commands\\runapscheduler.py\", line 30, in my_job\n    if posts[0] is not None:\n  File \"C:\\Users\\kgpa\\PycharmProjects\\NewsPaper\\venv\\lib\\site-packages\\django\\db\\models\\query.py\", line 322, in __getitem__\n    return qs._result_cache[0]\n"}}, {"model": "django_apscheduler.djangojobexecution", "pk": 85, "fields": {"job": "my_job", "status": "Error!", "run_time": "2022-02-09T11:48:00Z", "duration": "0.05", "finished": "1644407280.05", "exception": "list index out of range", "traceback": "  File \"C:\\Users\\kgpa\\PycharmProjects\\NewsPaper\\venv\\lib\\site-packages\\apscheduler\\executors\\base.py\", line 125, in run_job\n    retval = job.func(*job.args, **job.kwargs)\n  File \"C:\\Users\\kgpa\\PycharmProjects\\NewsPaper\\NewsPaper\\news\\management\\commands\\runapscheduler.py\", line 30, in my_job\n    if posts[0].exists():\n  File \"C:\\Users\\kgpa\\PycharmProjects\\NewsPaper\\venv\\lib\\site-packages\\django\\db\\models\\query.py\", line 322, in __getitem__\n    return qs._result_cache[0]\n"}}, {"model": "django_apscheduler.djangojobexecution", "pk": 86, "fields": {"job": "my_job", "status": "Executed", "run_time": "2022-02-09T11:53:00Z", "duration": "4.16", "finished": "1644407584.16", "exception": null, "traceback": null}}, {"model": "account.emailaddress", "pk": 2, "fields": {"user": 5, "email": "Irina@mail.ru", "verified": false, "primary": true}}, {"model": "account.emailaddress", "pk": 3, "fields": {"user": 6, "email": "mmm@mail.ru", "verified": false, "primary": true}}, {"model": "account.emailaddress", "pk": 4, "fields": {"user": 7, "email": "mmmm@mail.ru", "verified": false, "primary": true}}, {"model": "account.emailaddress", "pk": 5, "fields": {"user": 9, "email": "bucha@mail.ru", "verified": false, "primary": true}}, {"model": "account.emailaddress", "pk": 6, "fields": {"user": 10, "email": "7gallon@mail.ru", "verified": true, "primary": true}}, {"model": "account.emailaddress", "pk": 7, "fields": {"user": 2, "email": "G_A_Alexander@mail.ru", "verified": true, "primary": true}}, {"model": "account.emailaddress", "pk": 8, "fields": {"user": 11, "email": "7gallon@gmail.com", "verified": true, "primary": true}}, {"model": "account.emailaddress", "pk": 9, "fields": {"user": 12, "email": "budchenko2000@mail.ru", "verified": true, "primary": true}}, {"model": "socialaccount.socialapp", "pk": 1, "fields": {"provider": "google", "name": "Google", "client_id": "858754211113-vess0ne9a2o708mu2eue4k3dt1p5i79r.apps.googleusercontent.com", "secret": "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", "key": "", "sites": [1]}}]